"Dataset","Model","Branch_Mode","Corruption","Severity","Corruption_Seed","MSE","MAE","Realized_Rate","Elements","Checkpoint_ID","Checkpoint_SHA256","source_gpu","source_note"
"Weather","PFB-Direct","both","clean","0.0","0","0.1935910948568574","0.23873750917180728","0.0","41723136","long_term_forecast_PFB-Direct_MS2021_Weather_192_PFB-Direct_custom_ftM_sl336_ll96_pl192_dm128_nh8_el3_dl1_df512_expand2_dc4_fc3_ebtimeF_dtTrue_multiseed_h192_0","a513b228a5f42884a03ff722f82d51d5bfb0aa25371c5206be6b15c12733bdd5","NVIDIA GeForce RTX 2080 Ti","local workstation result"
"Weather","PFB-Direct","both","gaussian","0.1","11","0.1943666133948141","0.23982716270828433","0.0","41723136","long_term_forecast_PFB-Direct_MS2021_Weather_192_PFB-Direct_custom_ftM_sl336_ll96_pl192_dm128_nh8_el3_dl1_df512_expand2_dc4_fc3_ebtimeF_dtTrue_multiseed_h192_0","a513b228a5f42884a03ff722f82d51d5bfb0aa25371c5206be6b15c12733bdd5","NVIDIA GeForce RTX 2080 Ti","local workstation result"
"Weather","PFB-Direct","both","gaussian","0.1","22","0.19433411078427582","0.2398231166214876","0.0","41723136","long_term_forecast_PFB-Direct_MS2021_Weather_192_PFB-Direct_custom_ftM_sl336_ll96_pl192_dm128_nh8_el3_dl1_df512_expand2_dc4_fc3_ebtimeF_dtTrue_multiseed_h192_0","a513b228a5f42884a03ff722f82d51d5bfb0aa25371c5206be6b15c12733bdd5","NVIDIA GeForce RTX 2080 Ti","local workstation result"
"Weather","PFB-Direct","both","gaussian","0.1","33","0.1943768551668529","0.23987316325602298","0.0","41723136","long_term_forecast_PFB-Direct_MS2021_Weather_192_PFB-Direct_custom_ftM_sl336_ll96_pl192_dm128_nh8_el3_dl1_df512_expand2_dc4_fc3_ebtimeF_dtTrue_multiseed_h192_0","a513b228a5f42884a03ff722f82d51d5bfb0aa25371c5206be6b15c12733bdd5","NVIDIA GeForce RTX 2080 Ti","local workstation result"
"Weather","PFB-Direct","both","gaussian","0.2","11","0.19628683092281374","0.2422800256423903","0.0","41723136","long_term_forecast_PFB-Direct_MS2021_Weather_192_PFB-Direct_custom_ftM_sl336_ll96_pl192_dm128_nh8_el3_dl1_df512_expand2_dc4_fc3_ebtimeF_dtTrue_multiseed_h192_0","a513b228a5f42884a03ff722f82d51d5bfb0aa25371c5206be6b15c12733bdd5","NVIDIA GeForce RTX 2080 Ti","local workstation result"
"Weather","PFB-Direct","both","gaussian","0.2","22","0.19627029883596836","0.24231481601568733","0.0","41723136","long_term_forecast_PFB-Direct_MS2021_Weather_192_PFB-Direct_custom_ftM_sl336_ll96_pl192_dm128_nh8_el3_dl1_df512_expand2_dc4_fc3_ebtimeF_dtTrue_multiseed_h192_0","a513b228a5f42884a03ff722f82d51d5bfb0aa25371c5206be6b15c12733bdd5","NVIDIA GeForce RTX 2080 Ti","local workstation result"
"Weather","PFB-Direct","both","gaussian","0.2","33","0.19637191503715784","0.24240956401338695","0.0","41723136","long_term_forecast_PFB-Direct_MS2021_Weather_192_PFB-Direct_custom_ftM_sl336_ll96_pl192_dm128_nh8_el3_dl1_df512_expand2_dc4_fc3_ebtimeF_dtTrue_multiseed_h192_0","a513b228a5f42884a03ff722f82d51d5bfb0aa25371c5206be6b15c12733bdd5","NVIDIA GeForce RTX 2080 Ti","local workstation result"
"Weather","PFB-Direct","both","gaussian","0.3","11","0.19894072374038696","0.2453734455074353","0.0","41723136","long_term_forecast_PFB-Direct_MS2021_Weather_192_PFB-Direct_custom_ftM_sl336_ll96_pl192_dm128_nh8_el3_dl1_df512_expand2_dc4_fc3_ebtimeF_dtTrue_multiseed_h192_0","a513b228a5f42884a03ff722f82d51d5bfb0aa25371c5206be6b15c12733bdd5","NVIDIA GeForce RTX 2080 Ti","local workstation result"
"Weather","PFB-Direct","both","gaussian","0.3","22","0.198915092879314","0.2453863839645976","0.0","41723136","long_term_forecast_PFB-Direct_MS2021_Weather_192_PFB-Direct_custom_ftM_sl336_ll96_pl192_dm128_nh8_el3_dl1_df512_expand2_dc4_fc3_ebtimeF_dtTrue_multiseed_h192_0","a513b228a5f42884a03ff722f82d51d5bfb0aa25371c5206be6b15c12733bdd5","NVIDIA GeForce RTX 2080 Ti","local workstation result"
"Weather","PFB-Direct","both","gaussian","0.3","33","0.19907421773484454","0.24553959643843495","0.0","41723136","long_term_forecast_PFB-Direct_MS2021_Weather_192_PFB-Direct_custom_ftM_sl336_ll96_pl192_dm128_nh8_el3_dl1_df512_expand2_dc4_fc3_ebtimeF_dtTrue_multiseed_h192_0","a513b228a5f42884a03ff722f82d51d5bfb0aa25371c5206be6b15c12733bdd5","NVIDIA GeForce RTX 2080 Ti","local workstation result"
"Weather","PFB-Direct","both","mcar","0.1","11","0.20273895728744704","0.25627294018187236","0.09999911031789249","41723136","long_term_forecast_PFB-Direct_MS2021_Weather_192_PFB-Direct_custom_ftM_sl336_ll96_pl192_dm128_nh8_el3_dl1_df512_expand2_dc4_fc3_ebtimeF_dtTrue_multiseed_h192_0","a513b228a5f42884a03ff722f82d51d5bfb0aa25371c5206be6b15c12733bdd5","NVIDIA GeForce RTX 2080 Ti","local workstation result"
"Weather","PFB-Direct","both","mcar","0.1","22","0.2027730306364076","0.2563424778150215","0.09999911031789249","41723136","long_term_forecast_PFB-Direct_MS2021_Weather_192_PFB-Direct_custom_ftM_sl336_ll96_pl192_dm128_nh8_el3_dl1_df512_expand2_dc4_fc3_ebtimeF_dtTrue_multiseed_h192_0","a513b228a5f42884a03ff722f82d51d5bfb0aa25371c5206be6b15c12733bdd5","NVIDIA GeForce RTX 2080 Ti","local workstation result"
"Weather","PFB-Direct","both","mcar","0.1","33","0.20295558660768423","0.2563654927175027","0.09999911031789249","41723136","long_term_forecast_PFB-Direct_MS2021_Weather_192_PFB-Direct_custom_ftM_sl336_ll96_pl192_dm128_nh8_el3_dl1_df512_expand2_dc4_fc3_ebtimeF_dtTrue_multiseed_h192_0","a513b228a5f42884a03ff722f82d51d5bfb0aa25371c5206be6b15c12733bdd5","NVIDIA GeForce RTX 2080 Ti","local workstation result"
"Weather","PFB-Direct","both","mcar","0.2","11","0.21531916303358045","0.2796491612076226","0.19999822063578498","41723136","long_term_forecast_PFB-Direct_MS2021_Weather_192_PFB-Direct_custom_ftM_sl336_ll96_pl192_dm128_nh8_el3_dl1_df512_expand2_dc4_fc3_ebtimeF_dtTrue_multiseed_h192_0","a513b228a5f42884a03ff722f82d51d5bfb0aa25371c5206be6b15c12733bdd5","NVIDIA GeForce RTX 2080 Ti","local workstation result"
"Weather","PFB-Direct","both","mcar","0.2","22","0.21548848706263204","0.2797252848290814","0.19999822063578498","41723136","long_term_forecast_PFB-Direct_MS2021_Weather_192_PFB-Direct_custom_ftM_sl336_ll96_pl192_dm128_nh8_el3_dl1_df512_expand2_dc4_fc3_ebtimeF_dtTrue_multiseed_h192_0","a513b228a5f42884a03ff722f82d51d5bfb0aa25371c5206be6b15c12733bdd5","NVIDIA GeForce RTX 2080 Ti","local workstation result"
"Weather","PFB-Direct","both","mcar","0.2","33","0.2159483916494084","0.2798934933621121","0.19999822063578498","41723136","long_term_forecast_PFB-Direct_MS2021_Weather_192_PFB-Direct_custom_ftM_sl336_ll96_pl192_dm128_nh8_el3_dl1_df512_expand2_dc4_fc3_ebtimeF_dtTrue_multiseed_h192_0","a513b228a5f42884a03ff722f82d51d5bfb0aa25371c5206be6b15c12733bdd5","NVIDIA GeForce RTX 2080 Ti","local workstation result"
"Weather","PFB-Direct","both","mcar","0.3","11","0.23658322593104802","0.3097762115929966","0.300001779364215","41723136","long_term_forecast_PFB-Direct_MS2021_Weather_192_PFB-Direct_custom_ftM_sl336_ll96_pl192_dm128_nh8_el3_dl1_df512_expand2_dc4_fc3_ebtimeF_dtTrue_multiseed_h192_0","a513b228a5f42884a03ff722f82d51d5bfb0aa25371c5206be6b15c12733bdd5","NVIDIA GeForce RTX 2080 Ti","local workstation result"
"Weather","PFB-Direct","both","mcar","0.3","22","0.23671474774286502","0.3098802642538588","0.300001779364215","41723136","long_term_forecast_PFB-Direct_MS2021_Weather_192_PFB-Direct_custom_ftM_sl336_ll96_pl192_dm128_nh8_el3_dl1_df512_expand2_dc4_fc3_ebtimeF_dtTrue_multiseed_h192_0","a513b228a5f42884a03ff722f82d51d5bfb0aa25371c5206be6b15c12733bdd5","NVIDIA GeForce RTX 2080 Ti","local workstation result"
"Weather","PFB-Direct","both","mcar","0.3","33","0.23736552685520584","0.3100082037760926","0.300001779364215","41723136","long_term_forecast_PFB-Direct_MS2021_Weather_192_PFB-Direct_custom_ftM_sl336_ll96_pl192_dm128_nh8_el3_dl1_df512_expand2_dc4_fc3_ebtimeF_dtTrue_multiseed_h192_0","a513b228a5f42884a03ff722f82d51d5bfb0aa25371c5206be6b15c12733bdd5","NVIDIA GeForce RTX 2080 Ti","local workstation result"
"Weather","PFB-Direct","both","block","0.1","11","0.20617626991903695","0.2577747666074585","0.1374932092005088","41723136","long_term_forecast_PFB-Direct_MS2021_Weather_192_PFB-Direct_custom_ftM_sl336_ll96_pl192_dm128_nh8_el3_dl1_df512_expand2_dc4_fc3_ebtimeF_dtTrue_multiseed_h192_0","a513b228a5f42884a03ff722f82d51d5bfb0aa25371c5206be6b15c12733bdd5","NVIDIA GeForce RTX 2080 Ti","local workstation result"
"Weather","PFB-Direct","both","block","0.1","22","0.20643062994015104","0.2578803068928217","0.13749981988911275","41723136","long_term_forecast_PFB-Direct_MS2021_Weather_192_PFB-Direct_custom_ftM_sl336_ll96_pl192_dm128_nh8_el3_dl1_df512_expand2_dc4_fc3_ebtimeF_dtTrue_multiseed_h192_0","a513b228a5f42884a03ff722f82d51d5bfb0aa25371c5206be6b15c12733bdd5","NVIDIA GeForce RTX 2080 Ti","local workstation result"
"Weather","PFB-Direct","both","block","0.1","33","0.20656824909782967","0.25793598891335884","0.13756024809899153","41723136","long_term_forecast_PFB-Direct_MS2021_Weather_192_PFB-Direct_custom_ftM_sl336_ll96_pl192_dm128_nh8_el3_dl1_df512_expand2_dc4_fc3_ebtimeF_dtTrue_multiseed_h192_0","a513b228a5f42884a03ff722f82d51d5bfb0aa25371c5206be6b15c12733bdd5","NVIDIA GeForce RTX 2080 Ti","local workstation result"
"Weather","PFB-Direct","both","block","0.2","11","0.2110786253082627","0.2642239000166179","0.19868441045652202","41723136","long_term_forecast_PFB-Direct_MS2021_Weather_192_PFB-Direct_custom_ftM_sl336_ll96_pl192_dm128_nh8_el3_dl1_df512_expand2_dc4_fc3_ebtimeF_dtTrue_multiseed_h192_0","a513b228a5f42884a03ff722f82d51d5bfb0aa25371c5206be6b15c12733bdd5","NVIDIA GeForce RTX 2080 Ti","local workstation result"
"Weather","PFB-Direct","both","block","0.2","22","0.21102020979701466","0.2641487354937648","0.19858909398317337","41723136","long_term_forecast_PFB-Direct_MS2021_Weather_192_PFB-Direct_custom_ftM_sl336_ll96_pl192_dm128_nh8_el3_dl1_df512_expand2_dc4_fc3_ebtimeF_dtTrue_multiseed_h192_0","a513b228a5f42884a03ff722f82d51d5bfb0aa25371c5206be6b15c12733bdd5","NVIDIA GeForce RTX 2080 Ti","local workstation result"
"Weather","PFB-Direct","both","block","0.2","33","0.2110922822058111","0.2642304563498055","0.19870829076310734","41723136","long_term_forecast_PFB-Direct_MS2021_Weather_192_PFB-Direct_custom_ftM_sl336_ll96_pl192_dm128_nh8_el3_dl1_df512_expand2_dc4_fc3_ebtimeF_dtTrue_multiseed_h192_0","a513b228a5f42884a03ff722f82d51d5bfb0aa25371c5206be6b15c12733bdd5","NVIDIA GeForce RTX 2080 Ti","local workstation result"
"Weather","PFB-Direct","both","block","0.3","11","0.2238670052242193","0.2812572277513638","0.30769105973067107","41723136","long_term_forecast_PFB-Direct_MS2021_Weather_192_PFB-Direct_custom_ftM_sl336_ll96_pl192_dm128_nh8_el3_dl1_df512_expand2_dc4_fc3_ebtimeF_dtTrue_multiseed_h192_0","a513b228a5f42884a03ff722f82d51d5bfb0aa25371c5206be6b15c12733bdd5","NVIDIA GeForce RTX 2080 Ti","local workstation result"
"Weather","PFB-Direct","both","block","0.3","22","0.22367114495175186","0.280973002904192","0.30753056042724186","41723136","long_term_forecast_PFB-Direct_MS2021_Weather_192_PFB-Direct_custom_ftM_sl336_ll96_pl192_dm128_nh8_el3_dl1_df512_expand2_dc4_fc3_ebtimeF_dtTrue_multiseed_h192_0","a513b228a5f42884a03ff722f82d51d5bfb0aa25371c5206be6b15c12733bdd5","NVIDIA GeForce RTX 2080 Ti","local workstation result"
"Weather","PFB-Direct","both","block","0.3","33","0.22405356743395394","0.2812445686889853","0.3076295574874054","41723136","long_term_forecast_PFB-Direct_MS2021_Weather_192_PFB-Direct_custom_ftM_sl336_ll96_pl192_dm128_nh8_el3_dl1_df512_expand2_dc4_fc3_ebtimeF_dtTrue_multiseed_h192_0","a513b228a5f42884a03ff722f82d51d5bfb0aa25371c5206be6b15c12733bdd5","NVIDIA GeForce RTX 2080 Ti","local workstation result"
"Weather","PFB-Direct","primary-only","clean","0.0","0","0.20463825152359338","0.25901380855819567","0.0","41723136","long_term_forecast_PFB-Direct_MS2021_Weather_192_PFB-Direct_custom_ftM_sl336_ll96_pl192_dm128_nh8_el3_dl1_df512_expand2_dc4_fc3_ebtimeF_dtTrue_multiseed_h192_0","a513b228a5f42884a03ff722f82d51d5bfb0aa25371c5206be6b15c12733bdd5","NVIDIA GeForce RTX 2080 Ti","local workstation result"
"Weather","PFB-Direct","primary-only","gaussian","0.1","11","0.20576008320799744","0.2601788024417376","0.0","41723136","long_term_forecast_PFB-Direct_MS2021_Weather_192_PFB-Direct_custom_ftM_sl336_ll96_pl192_dm128_nh8_el3_dl1_df512_expand2_dc4_fc3_ebtimeF_dtTrue_multiseed_h192_0","a513b228a5f42884a03ff722f82d51d5bfb0aa25371c5206be6b15c12733bdd5","NVIDIA GeForce RTX 2080 Ti","local workstation result"
"Weather","PFB-Direct","primary-only","gaussian","0.1","22","0.20574751559199747","0.26017719549457524","0.0","41723136","long_term_forecast_PFB-Direct_MS2021_Weather_192_PFB-Direct_custom_ftM_sl336_ll96_pl192_dm128_nh8_el3_dl1_df512_expand2_dc4_fc3_ebtimeF_dtTrue_multiseed_h192_0","a513b228a5f42884a03ff722f82d51d5bfb0aa25371c5206be6b15c12733bdd5","NVIDIA GeForce RTX 2080 Ti","local workstation result"
"Weather","PFB-Direct","primary-only","gaussian","0.1","33","0.20573792220684825","0.2602033492992653","0.0","41723136","long_term_forecast_PFB-Direct_MS2021_Weather_192_PFB-Direct_custom_ftM_sl336_ll96_pl192_dm128_nh8_el3_dl1_df512_expand2_dc4_fc3_ebtimeF_dtTrue_multiseed_h192_0","a513b228a5f42884a03ff722f82d51d5bfb0aa25371c5206be6b15c12733bdd5","NVIDIA GeForce RTX 2080 Ti","local workstation result"
"Weather","PFB-Direct","primary-only","gaussian","0.2","11","0.20849195123139383","0.262921432524234","0.0","41723136","long_term_forecast_PFB-Direct_MS2021_Weather_192_PFB-Direct_custom_ftM_sl336_ll96_pl192_dm128_nh8_el3_dl1_df512_expand2_dc4_fc3_ebtimeF_dtTrue_multiseed_h192_0","a513b228a5f42884a03ff722f82d51d5bfb0aa25371c5206be6b15c12733bdd5","NVIDIA GeForce RTX 2080 Ti","local workstation result"
"Weather","PFB-Direct","primary-only","gaussian","0.2","22","0.2085160061579616","0.2629465554916057","0.0","41723136","long_term_forecast_PFB-Direct_MS2021_Weather_192_PFB-Direct_custom_ftM_sl336_ll96_pl192_dm128_nh8_el3_dl1_df512_expand2_dc4_fc3_ebtimeF_dtTrue_multiseed_h192_0","a513b228a5f42884a03ff722f82d51d5bfb0aa25371c5206be6b15c12733bdd5","NVIDIA GeForce RTX 2080 Ti","local workstation result"
"Weather","PFB-Direct","primary-only","gaussian","0.2","33","0.2085208049160962","0.26299829857700235","0.0","41723136","long_term_forecast_PFB-Direct_MS2021_Weather_192_PFB-Direct_custom_ftM_sl336_ll96_pl192_dm128_nh8_el3_dl1_df512_expand2_dc4_fc3_ebtimeF_dtTrue_multiseed_h192_0","a513b228a5f42884a03ff722f82d51d5bfb0aa25371c5206be6b15c12733bdd5","NVIDIA GeForce RTX 2080 Ti","local workstation result"
"Weather","PFB-Direct","primary-only","gaussian","0.3","11","0.21208137557473808","0.26627280811148757","0.0","41723136","long_term_forecast_PFB-Direct_MS2021_Weather_192_PFB-Direct_custom_ftM_sl336_ll96_pl192_dm128_nh8_el3_dl1_df512_expand2_dc4_fc3_ebtimeF_dtTrue_multiseed_h192_0","a513b228a5f42884a03ff722f82d51d5bfb0aa25371c5206be6b15c12733bdd5","NVIDIA GeForce RTX 2080 Ti","local workstation result"
"Weather","PFB-Direct","primary-only","gaussian","0.3","22","0.21208979270246414","0.26627769214857794","0.0","41723136","long_term_forecast_PFB-Direct_MS2021_Weather_192_PFB-Direct_custom_ftM_sl336_ll96_pl192_dm128_nh8_el3_dl1_df512_expand2_dc4_fc3_ebtimeF_dtTrue_multiseed_h192_0","a513b228a5f42884a03ff722f82d51d5bfb0aa25371c5206be6b15c12733bdd5","NVIDIA GeForce RTX 2080 Ti","local workstation result"
"Weather","PFB-Direct","primary-only","gaussian","0.3","33","0.21212590614593305","0.26635962052025525","0.0","41723136","long_term_forecast_PFB-Direct_MS2021_Weather_192_PFB-Direct_custom_ftM_sl336_ll96_pl192_dm128_nh8_el3_dl1_df512_expand2_dc4_fc3_ebtimeF_dtTrue_multiseed_h192_0","a513b228a5f42884a03ff722f82d51d5bfb0aa25371c5206be6b15c12733bdd5","NVIDIA GeForce RTX 2080 Ti","local workstation result"
"Weather","PFB-Direct","primary-only","mcar","0.1","11","0.22022431536658402","0.28228003501500043","0.09999911031789249","41723136","long_term_forecast_PFB-Direct_MS2021_Weather_192_PFB-Direct_custom_ftM_sl336_ll96_pl192_dm128_nh8_el3_dl1_df512_expand2_dc4_fc3_ebtimeF_dtTrue_multiseed_h192_0","a513b228a5f42884a03ff722f82d51d5bfb0aa25371c5206be6b15c12733bdd5","NVIDIA GeForce RTX 2080 Ti","local workstation result"
"Weather","PFB-Direct","primary-only","mcar","0.1","22","0.2202650649682409","0.282325678250117","0.09999911031789249","41723136","long_term_forecast_PFB-Direct_MS2021_Weather_192_PFB-Direct_custom_ftM_sl336_ll96_pl192_dm128_nh8_el3_dl1_df512_expand2_dc4_fc3_ebtimeF_dtTrue_multiseed_h192_0","a513b228a5f42884a03ff722f82d51d5bfb0aa25371c5206be6b15c12733bdd5","NVIDIA GeForce RTX 2080 Ti","local workstation result"
"Weather","PFB-Direct","primary-only","mcar","0.1","33","0.22056735919382203","0.2824103736997981","0.09999911031789249","41723136","long_term_forecast_PFB-Direct_MS2021_Weather_192_PFB-Direct_custom_ftM_sl336_ll96_pl192_dm128_nh8_el3_dl1_df512_expand2_dc4_fc3_ebtimeF_dtTrue_multiseed_h192_0","a513b228a5f42884a03ff722f82d51d5bfb0aa25371c5206be6b15c12733bdd5","NVIDIA GeForce RTX 2080 Ti","local workstation result"
"Weather","PFB-Direct","primary-only","mcar","0.2","11","0.23501237386202525","0.3040843679500296","0.19999822063578498","41723136","long_term_forecast_PFB-Direct_MS2021_Weather_192_PFB-Direct_custom_ftM_sl336_ll96_pl192_dm128_nh8_el3_dl1_df512_expand2_dc4_fc3_ebtimeF_dtTrue_multiseed_h192_0","a513b228a5f42884a03ff722f82d51d5bfb0aa25371c5206be6b15c12733bdd5","NVIDIA GeForce RTX 2080 Ti","local workstation result"
"Weather","PFB-Direct","primary-only","mcar","0.2","22","0.23505376142329718","0.3040424258707447","0.19999822063578498","41723136","long_term_forecast_PFB-Direct_MS2021_Weather_192_PFB-Direct_custom_ftM_sl336_ll96_pl192_dm128_nh8_el3_dl1_df512_expand2_dc4_fc3_ebtimeF_dtTrue_multiseed_h192_0","a513b228a5f42884a03ff722f82d51d5bfb0aa25371c5206be6b15c12733bdd5","NVIDIA GeForce RTX 2080 Ti","local workstation result"
"Weather","PFB-Direct","primary-only","mcar","0.2","33","0.23560433395919114","0.30428206624321247","0.19999822063578498","41723136","long_term_forecast_PFB-Direct_MS2021_Weather_192_PFB-Direct_custom_ftM_sl336_ll96_pl192_dm128_nh8_el3_dl1_df512_expand2_dc4_fc3_ebtimeF_dtTrue_multiseed_h192_0","a513b228a5f42884a03ff722f82d51d5bfb0aa25371c5206be6b15c12733bdd5","NVIDIA GeForce RTX 2080 Ti","local workstation result"
"Weather","PFB-Direct","primary-only","mcar","0.3","11","0.2566765117280719","0.33119708711249407","0.300001779364215","41723136","long_term_forecast_PFB-Direct_MS2021_Weather_192_PFB-Direct_custom_ftM_sl336_ll96_pl192_dm128_nh8_el3_dl1_df512_expand2_dc4_fc3_ebtimeF_dtTrue_multiseed_h192_0","a513b228a5f42884a03ff722f82d51d5bfb0aa25371c5206be6b15c12733bdd5","NVIDIA GeForce RTX 2080 Ti","local workstation result"
"Weather","PFB-Direct","primary-only","mcar","0.3","22","0.25673699375895276","0.3312161925711163","0.300001779364215","41723136","long_term_forecast_PFB-Direct_MS2021_Weather_192_PFB-Direct_custom_ftM_sl336_ll96_pl192_dm128_nh8_el3_dl1_df512_expand2_dc4_fc3_ebtimeF_dtTrue_multiseed_h192_0","a513b228a5f42884a03ff722f82d51d5bfb0aa25371c5206be6b15c12733bdd5","NVIDIA GeForce RTX 2080 Ti","local workstation result"
"Weather","PFB-Direct","primary-only","mcar","0.3","33","0.25735832216368365","0.33140977217277606","0.300001779364215","41723136","long_term_forecast_PFB-Direct_MS2021_Weather_192_PFB-Direct_custom_ftM_sl336_ll96_pl192_dm128_nh8_el3_dl1_df512_expand2_dc4_fc3_ebtimeF_dtTrue_multiseed_h192_0","a513b228a5f42884a03ff722f82d51d5bfb0aa25371c5206be6b15c12733bdd5","NVIDIA GeForce RTX 2080 Ti","local workstation result"
"Weather","PFB-Direct","primary-only","block","0.1","11","0.22170141748372907","0.28337952583654663","0.1374932092005088","41723136","long_term_forecast_PFB-Direct_MS2021_Weather_192_PFB-Direct_custom_ftM_sl336_ll96_pl192_dm128_nh8_el3_dl1_df512_expand2_dc4_fc3_ebtimeF_dtTrue_multiseed_h192_0","a513b228a5f42884a03ff722f82d51d5bfb0aa25371c5206be6b15c12733bdd5","NVIDIA GeForce RTX 2080 Ti","local workstation result"
"Weather","PFB-Direct","primary-only","block","0.1","22","0.22205885735131314","0.28354077601872973","0.13749981988911275","41723136","long_term_forecast_PFB-Direct_MS2021_Weather_192_PFB-Direct_custom_ftM_sl336_ll96_pl192_dm128_nh8_el3_dl1_df512_expand2_dc4_fc3_ebtimeF_dtTrue_multiseed_h192_0","a513b228a5f42884a03ff722f82d51d5bfb0aa25371c5206be6b15c12733bdd5","NVIDIA GeForce RTX 2080 Ti","local workstation result"
"Weather","PFB-Direct","primary-only","block","0.1","33","0.22214506082363167","0.28352788348370583","0.13756024809899153","41723136","long_term_forecast_PFB-Direct_MS2021_Weather_192_PFB-Direct_custom_ftM_sl336_ll96_pl192_dm128_nh8_el3_dl1_df512_expand2_dc4_fc3_ebtimeF_dtTrue_multiseed_h192_0","a513b228a5f42884a03ff722f82d51d5bfb0aa25371c5206be6b15c12733bdd5","NVIDIA GeForce RTX 2080 Ti","local workstation result"
"Weather","PFB-Direct","primary-only","block","0.2","11","0.22865109571781933","0.29260113916285857","0.19868441045652202","41723136","long_term_forecast_PFB-Direct_MS2021_Weather_192_PFB-Direct_custom_ftM_sl336_ll96_pl192_dm128_nh8_el3_dl1_df512_expand2_dc4_fc3_ebtimeF_dtTrue_multiseed_h192_0","a513b228a5f42884a03ff722f82d51d5bfb0aa25371c5206be6b15c12733bdd5","NVIDIA GeForce RTX 2080 Ti","local workstation result"
"Weather","PFB-Direct","primary-only","block","0.2","22","0.2286657237796525","0.2926409954829603","0.19858909398317337","41723136","long_term_forecast_PFB-Direct_MS2021_Weather_192_PFB-Direct_custom_ftM_sl336_ll96_pl192_dm128_nh8_el3_dl1_df512_expand2_dc4_fc3_ebtimeF_dtTrue_multiseed_h192_0","a513b228a5f42884a03ff722f82d51d5bfb0aa25371c5206be6b15c12733bdd5","NVIDIA GeForce RTX 2080 Ti","local workstation result"
"Weather","PFB-Direct","primary-only","block","0.2","33","0.22876078511051548","0.2926781282598071","0.19870829076310734","41723136","long_term_forecast_PFB-Direct_MS2021_Weather_192_PFB-Direct_custom_ftM_sl336_ll96_pl192_dm128_nh8_el3_dl1_df512_expand2_dc4_fc3_ebtimeF_dtTrue_multiseed_h192_0","a513b228a5f42884a03ff722f82d51d5bfb0aa25371c5206be6b15c12733bdd5","NVIDIA GeForce RTX 2080 Ti","local workstation result"
"Weather","PFB-Direct","primary-only","block","0.3","11","0.24556186291772716","0.313991792368133","0.30769105973067107","41723136","long_term_forecast_PFB-Direct_MS2021_Weather_192_PFB-Direct_custom_ftM_sl336_ll96_pl192_dm128_nh8_el3_dl1_df512_expand2_dc4_fc3_ebtimeF_dtTrue_multiseed_h192_0","a513b228a5f42884a03ff722f82d51d5bfb0aa25371c5206be6b15c12733bdd5","NVIDIA GeForce RTX 2080 Ti","local workstation result"
"Weather","PFB-Direct","primary-only","block","0.3","22","0.2455874425669557","0.3138592777416857","0.30753056042724186","41723136","long_term_forecast_PFB-Direct_MS2021_Weather_192_PFB-Direct_custom_ftM_sl336_ll96_pl192_dm128_nh8_el3_dl1_df512_expand2_dc4_fc3_ebtimeF_dtTrue_multiseed_h192_0","a513b228a5f42884a03ff722f82d51d5bfb0aa25371c5206be6b15c12733bdd5","NVIDIA GeForce RTX 2080 Ti","local workstation result"
"Weather","PFB-Direct","primary-only","block","0.3","33","0.24585735653570823","0.3140380599055926","0.3076295574874054","41723136","long_term_forecast_PFB-Direct_MS2021_Weather_192_PFB-Direct_custom_ftM_sl336_ll96_pl192_dm128_nh8_el3_dl1_df512_expand2_dc4_fc3_ebtimeF_dtTrue_multiseed_h192_0","a513b228a5f42884a03ff722f82d51d5bfb0aa25371c5206be6b15c12733bdd5","NVIDIA GeForce RTX 2080 Ti","local workstation result"
"Weather","PFB-Direct","secondary-only","clean","0.0","0","0.23689219903077277","0.2836533016886153","0.0","41723136","long_term_forecast_PFB-Direct_MS2021_Weather_192_PFB-Direct_custom_ftM_sl336_ll96_pl192_dm128_nh8_el3_dl1_df512_expand2_dc4_fc3_ebtimeF_dtTrue_multiseed_h192_0","a513b228a5f42884a03ff722f82d51d5bfb0aa25371c5206be6b15c12733bdd5","NVIDIA GeForce RTX 2080 Ti","local workstation result"
"Weather","PFB-Direct","secondary-only","gaussian","0.1","11","0.23693463135580145","0.2837100795677247","0.0","41723136","long_term_forecast_PFB-Direct_MS2021_Weather_192_PFB-Direct_custom_ftM_sl336_ll96_pl192_dm128_nh8_el3_dl1_df512_expand2_dc4_fc3_ebtimeF_dtTrue_multiseed_h192_0","a513b228a5f42884a03ff722f82d51d5bfb0aa25371c5206be6b15c12733bdd5","NVIDIA GeForce RTX 2080 Ti","local workstation result"
"Weather","PFB-Direct","secondary-only","gaussian","0.1","22","0.23695166898406722","0.28372598983323966","0.0","41723136","long_term_forecast_PFB-Direct_MS2021_Weather_192_PFB-Direct_custom_ftM_sl336_ll96_pl192_dm128_nh8_el3_dl1_df512_expand2_dc4_fc3_ebtimeF_dtTrue_multiseed_h192_0","a513b228a5f42884a03ff722f82d51d5bfb0aa25371c5206be6b15c12733bdd5","NVIDIA GeForce RTX 2080 Ti","local workstation result"
"Weather","PFB-Direct","secondary-only","gaussian","0.1","33","0.2369380414256628","0.2837242957463621","0.0","41723136","long_term_forecast_PFB-Direct_MS2021_Weather_192_PFB-Direct_custom_ftM_sl336_ll96_pl192_dm128_nh8_el3_dl1_df512_expand2_dc4_fc3_ebtimeF_dtTrue_multiseed_h192_0","a513b228a5f42884a03ff722f82d51d5bfb0aa25371c5206be6b15c12733bdd5","NVIDIA GeForce RTX 2080 Ti","local workstation result"
"Weather","PFB-Direct","secondary-only","gaussian","0.2","11","0.2371701792746243","0.2839339319230612","0.0","41723136","long_term_forecast_PFB-Direct_MS2021_Weather_192_PFB-Direct_custom_ftM_sl336_ll96_pl192_dm128_nh8_el3_dl1_df512_expand2_dc4_fc3_ebtimeF_dtTrue_multiseed_h192_0","a513b228a5f42884a03ff722f82d51d5bfb0aa25371c5206be6b15c12733bdd5","NVIDIA GeForce RTX 2080 Ti","local workstation result"
"Weather","PFB-Direct","secondary-only","gaussian","0.2","22","0.23719805882250797","0.2839684479338169","0.0","41723136","long_term_forecast_PFB-Direct_MS2021_Weather_192_PFB-Direct_custom_ftM_sl336_ll96_pl192_dm128_nh8_el3_dl1_df512_expand2_dc4_fc3_ebtimeF_dtTrue_multiseed_h192_0","a513b228a5f42884a03ff722f82d51d5bfb0aa25371c5206be6b15c12733bdd5","NVIDIA GeForce RTX 2080 Ti","local workstation result"
"Weather","PFB-Direct","secondary-only","gaussian","0.2","33","0.23718274632888559","0.2839678523971763","0.0","41723136","long_term_forecast_PFB-Direct_MS2021_Weather_192_PFB-Direct_custom_ftM_sl336_ll96_pl192_dm128_nh8_el3_dl1_df512_expand2_dc4_fc3_ebtimeF_dtTrue_multiseed_h192_0","a513b228a5f42884a03ff722f82d51d5bfb0aa25371c5206be6b15c12733bdd5","NVIDIA GeForce RTX 2080 Ti","local workstation result"
"Weather","PFB-Direct","secondary-only","gaussian","0.3","11","0.23774231479401425","0.2844164615305553","0.0","41723136","long_term_forecast_PFB-Direct_MS2021_Weather_192_PFB-Direct_custom_ftM_sl336_ll96_pl192_dm128_nh8_el3_dl1_df512_expand2_dc4_fc3_ebtimeF_dtTrue_multiseed_h192_0","a513b228a5f42884a03ff722f82d51d5bfb0aa25371c5206be6b15c12733bdd5","NVIDIA GeForce RTX 2080 Ti","local workstation result"
"Weather","PFB-Direct","secondary-only","gaussian","0.3","22","0.237774680211579","0.2844688739978252","0.0","41723136","long_term_forecast_PFB-Direct_MS2021_Weather_192_PFB-Direct_custom_ftM_sl336_ll96_pl192_dm128_nh8_el3_dl1_df512_expand2_dc4_fc3_ebtimeF_dtTrue_multiseed_h192_0","a513b228a5f42884a03ff722f82d51d5bfb0aa25371c5206be6b15c12733bdd5","NVIDIA GeForce RTX 2080 Ti","local workstation result"
"Weather","PFB-Direct","secondary-only","gaussian","0.3","33","0.23776552844666776","0.284468516170276","0.0","41723136","long_term_forecast_PFB-Direct_MS2021_Weather_192_PFB-Direct_custom_ftM_sl336_ll96_pl192_dm128_nh8_el3_dl1_df512_expand2_dc4_fc3_ebtimeF_dtTrue_multiseed_h192_0","a513b228a5f42884a03ff722f82d51d5bfb0aa25371c5206be6b15c12733bdd5","NVIDIA GeForce RTX 2080 Ti","local workstation result"
"Weather","PFB-Direct","secondary-only","mcar","0.1","11","0.23907884333562185","0.2946842439902528","0.09999911031789249","41723136","long_term_forecast_PFB-Direct_MS2021_Weather_192_PFB-Direct_custom_ftM_sl336_ll96_pl192_dm128_nh8_el3_dl1_df512_expand2_dc4_fc3_ebtimeF_dtTrue_multiseed_h192_0","a513b228a5f42884a03ff722f82d51d5bfb0aa25371c5206be6b15c12733bdd5","NVIDIA GeForce RTX 2080 Ti","local workstation result"
"Weather","PFB-Direct","secondary-only","mcar","0.1","22","0.23915064327774507","0.2947195493140934","0.09999911031789249","41723136","long_term_forecast_PFB-Direct_MS2021_Weather_192_PFB-Direct_custom_ftM_sl336_ll96_pl192_dm128_nh8_el3_dl1_df512_expand2_dc4_fc3_ebtimeF_dtTrue_multiseed_h192_0","a513b228a5f42884a03ff722f82d51d5bfb0aa25371c5206be6b15c12733bdd5","NVIDIA GeForce RTX 2080 Ti","local workstation result"
"Weather","PFB-Direct","secondary-only","mcar","0.1","33","0.2390964569449999","0.2946810915595037","0.09999911031789249","41723136","long_term_forecast_PFB-Direct_MS2021_Weather_192_PFB-Direct_custom_ftM_sl336_ll96_pl192_dm128_nh8_el3_dl1_df512_expand2_dc4_fc3_ebtimeF_dtTrue_multiseed_h192_0","a513b228a5f42884a03ff722f82d51d5bfb0aa25371c5206be6b15c12733bdd5","NVIDIA GeForce RTX 2080 Ti","local workstation result"
"Weather","PFB-Direct","secondary-only","mcar","0.2","11","0.24817315795482","0.31188572883553295","0.19999822063578498","41723136","long_term_forecast_PFB-Direct_MS2021_Weather_192_PFB-Direct_custom_ftM_sl336_ll96_pl192_dm128_nh8_el3_dl1_df512_expand2_dc4_fc3_ebtimeF_dtTrue_multiseed_h192_0","a513b228a5f42884a03ff722f82d51d5bfb0aa25371c5206be6b15c12733bdd5","NVIDIA GeForce RTX 2080 Ti","local workstation result"
"Weather","PFB-Direct","secondary-only","mcar","0.2","22","0.24830426898351282","0.3119990872362234","0.19999822063578498","41723136","long_term_forecast_PFB-Direct_MS2021_Weather_192_PFB-Direct_custom_ftM_sl336_ll96_pl192_dm128_nh8_el3_dl1_df512_expand2_dc4_fc3_ebtimeF_dtTrue_multiseed_h192_0","a513b228a5f42884a03ff722f82d51d5bfb0aa25371c5206be6b15c12733bdd5","NVIDIA GeForce RTX 2080 Ti","local workstation result"
"Weather","PFB-Direct","secondary-only","mcar","0.2","33","0.24842950774801764","0.31199103953361","0.19999822063578498","41723136","long_term_forecast_PFB-Direct_MS2021_Weather_192_PFB-Direct_custom_ftM_sl336_ll96_pl192_dm128_nh8_el3_dl1_df512_expand2_dc4_fc3_ebtimeF_dtTrue_multiseed_h192_0","a513b228a5f42884a03ff722f82d51d5bfb0aa25371c5206be6b15c12733bdd5","NVIDIA GeForce RTX 2080 Ti","local workstation result"
"Weather","PFB-Direct","secondary-only","mcar","0.3","11","0.26570488443862117","0.3359013481359449","0.300001779364215","41723136","long_term_forecast_PFB-Direct_MS2021_Weather_192_PFB-Direct_custom_ftM_sl336_ll96_pl192_dm128_nh8_el3_dl1_df512_expand2_dc4_fc3_ebtimeF_dtTrue_multiseed_h192_0","a513b228a5f42884a03ff722f82d51d5bfb0aa25371c5206be6b15c12733bdd5","NVIDIA GeForce RTX 2080 Ti","local workstation result"
"Weather","PFB-Direct","secondary-only","mcar","0.3","22","0.26581127423673284","0.33601308592049806","0.300001779364215","41723136","long_term_forecast_PFB-Direct_MS2021_Weather_192_PFB-Direct_custom_ftM_sl336_ll96_pl192_dm128_nh8_el3_dl1_df512_expand2_dc4_fc3_ebtimeF_dtTrue_multiseed_h192_0","a513b228a5f42884a03ff722f82d51d5bfb0aa25371c5206be6b15c12733bdd5","NVIDIA GeForce RTX 2080 Ti","local workstation result"
"Weather","PFB-Direct","secondary-only","mcar","0.3","33","0.2660773471533126","0.3360009279290362","0.300001779364215","41723136","long_term_forecast_PFB-Direct_MS2021_Weather_192_PFB-Direct_custom_ftM_sl336_ll96_pl192_dm128_nh8_el3_dl1_df512_expand2_dc4_fc3_ebtimeF_dtTrue_multiseed_h192_0","a513b228a5f42884a03ff722f82d51d5bfb0aa25371c5206be6b15c12733bdd5","NVIDIA GeForce RTX 2080 Ti","local workstation result"
"Weather","PFB-Direct","secondary-only","block","0.1","11","0.23835517283457477","0.2938606067985877","0.1374932092005088","41723136","long_term_forecast_PFB-Direct_MS2021_Weather_192_PFB-Direct_custom_ftM_sl336_ll96_pl192_dm128_nh8_el3_dl1_df512_expand2_dc4_fc3_ebtimeF_dtTrue_multiseed_h192_0","a513b228a5f42884a03ff722f82d51d5bfb0aa25371c5206be6b15c12733bdd5","NVIDIA GeForce RTX 2080 Ti","local workstation result"
"Weather","PFB-Direct","secondary-only","block","0.1","22","0.23859690323778035","0.2939929467008949","0.13749981988911275","41723136","long_term_forecast_PFB-Direct_MS2021_Weather_192_PFB-Direct_custom_ftM_sl336_ll96_pl192_dm128_nh8_el3_dl1_df512_expand2_dc4_fc3_ebtimeF_dtTrue_multiseed_h192_0","a513b228a5f42884a03ff722f82d51d5bfb0aa25371c5206be6b15c12733bdd5","NVIDIA GeForce RTX 2080 Ti","local workstation result"
"Weather","PFB-Direct","secondary-only","block","0.1","33","0.23851318983607125","0.29389689986970746","0.13756024809899153","41723136","long_term_forecast_PFB-Direct_MS2021_Weather_192_PFB-Direct_custom_ftM_sl336_ll96_pl192_dm128_nh8_el3_dl1_df512_expand2_dc4_fc3_ebtimeF_dtTrue_multiseed_h192_0","a513b228a5f42884a03ff722f82d51d5bfb0aa25371c5206be6b15c12733bdd5","NVIDIA GeForce RTX 2080 Ti","local workstation result"
"Weather","PFB-Direct","secondary-only","block","0.2","11","0.24143956709185732","0.2998967047454648","0.19868441045652202","41723136","long_term_forecast_PFB-Direct_MS2021_Weather_192_PFB-Direct_custom_ftM_sl336_ll96_pl192_dm128_nh8_el3_dl1_df512_expand2_dc4_fc3_ebtimeF_dtTrue_multiseed_h192_0","a513b228a5f42884a03ff722f82d51d5bfb0aa25371c5206be6b15c12733bdd5","NVIDIA GeForce RTX 2080 Ti","local workstation result"
"Weather","PFB-Direct","secondary-only","block","0.2","22","0.2414997658660009","0.2999155011307755","0.19858909398317337","41723136","long_term_forecast_PFB-Direct_MS2021_Weather_192_PFB-Direct_custom_ftM_sl336_ll96_pl192_dm128_nh8_el3_dl1_df512_expand2_dc4_fc3_ebtimeF_dtTrue_multiseed_h192_0","a513b228a5f42884a03ff722f82d51d5bfb0aa25371c5206be6b15c12733bdd5","NVIDIA GeForce RTX 2080 Ti","local workstation result"
"Weather","PFB-Direct","secondary-only","block","0.2","33","0.24133310214949222","0.2998119528878564","0.19870829076310734","41723136","long_term_forecast_PFB-Direct_MS2021_Weather_192_PFB-Direct_custom_ftM_sl336_ll96_pl192_dm128_nh8_el3_dl1_df512_expand2_dc4_fc3_ebtimeF_dtTrue_multiseed_h192_0","a513b228a5f42884a03ff722f82d51d5bfb0aa25371c5206be6b15c12733bdd5","NVIDIA GeForce RTX 2080 Ti","local workstation result"
"Weather","PFB-Direct","secondary-only","block","0.3","11","0.2533097867011737","0.3178869561741027","0.30769105973067107","41723136","long_term_forecast_PFB-Direct_MS2021_Weather_192_PFB-Direct_custom_ftM_sl336_ll96_pl192_dm128_nh8_el3_dl1_df512_expand2_dc4_fc3_ebtimeF_dtTrue_multiseed_h192_0","a513b228a5f42884a03ff722f82d51d5bfb0aa25371c5206be6b15c12733bdd5","NVIDIA GeForce RTX 2080 Ti","local workstation result"
"Weather","PFB-Direct","secondary-only","block","0.3","22","0.25326488912736417","0.3178060452516381","0.30753056042724186","41723136","long_term_forecast_PFB-Direct_MS2021_Weather_192_PFB-Direct_custom_ftM_sl336_ll96_pl192_dm128_nh8_el3_dl1_df512_expand2_dc4_fc3_ebtimeF_dtTrue_multiseed_h192_0","a513b228a5f42884a03ff722f82d51d5bfb0aa25371c5206be6b15c12733bdd5","NVIDIA GeForce RTX 2080 Ti","local workstation result"
"Weather","PFB-Direct","secondary-only","block","0.3","33","0.2532113088521573","0.3178608486192319","0.3076295574874054","41723136","long_term_forecast_PFB-Direct_MS2021_Weather_192_PFB-Direct_custom_ftM_sl336_ll96_pl192_dm128_nh8_el3_dl1_df512_expand2_dc4_fc3_ebtimeF_dtTrue_multiseed_h192_0","a513b228a5f42884a03ff722f82d51d5bfb0aa25371c5206be6b15c12733bdd5","NVIDIA GeForce RTX 2080 Ti","local workstation result"
"Weather","PFB-Projected","both","clean","0.0","0","0.1937772416959352","0.23936249884892252","0.0","41723136","long_term_forecast_PFB-Projected_H192_Weather_192_PFB-Projected_custom_ftM_sl336_ll96_pl192_dm128_nh8_el3_dl1_df512_expand2_dc4_fc3_ebtimeF_dtTrue_PFB_100_0","5989aedd478d0716490733690397c29043ab3e12c930562a02f096b9df6f7e00","NVIDIA GeForce RTX 2080 Ti","local workstation result"
"Weather","PFB-Projected","both","gaussian","0.1","11","0.1944152088476463","0.24029958462374448","0.0","41723136","long_term_forecast_PFB-Projected_H192_Weather_192_PFB-Projected_custom_ftM_sl336_ll96_pl192_dm128_nh8_el3_dl1_df512_expand2_dc4_fc3_ebtimeF_dtTrue_PFB_100_0","5989aedd478d0716490733690397c29043ab3e12c930562a02f096b9df6f7e00","NVIDIA GeForce RTX 2080 Ti","local workstation result"
"Weather","PFB-Projected","both","gaussian","0.1","22","0.19445232062950937","0.24035247981180033","0.0","41723136","long_term_forecast_PFB-Projected_H192_Weather_192_PFB-Projected_custom_ftM_sl336_ll96_pl192_dm128_nh8_el3_dl1_df512_expand2_dc4_fc3_ebtimeF_dtTrue_PFB_100_0","5989aedd478d0716490733690397c29043ab3e12c930562a02f096b9df6f7e00","NVIDIA GeForce RTX 2080 Ti","local workstation result"
"Weather","PFB-Projected","both","gaussian","0.1","33","0.19444822293296998","0.24036851064048284","0.0","41723136","long_term_forecast_PFB-Projected_H192_Weather_192_PFB-Projected_custom_ftM_sl336_ll96_pl192_dm128_nh8_el3_dl1_df512_expand2_dc4_fc3_ebtimeF_dtTrue_PFB_100_0","5989aedd478d0716490733690397c29043ab3e12c930562a02f096b9df6f7e00","NVIDIA GeForce RTX 2080 Ti","local workstation result"
"Weather","PFB-Projected","both","gaussian","0.2","11","0.19612494200862488","0.24266309337510758","0.0","41723136","long_term_forecast_PFB-Projected_H192_Weather_192_PFB-Projected_custom_ftM_sl336_ll96_pl192_dm128_nh8_el3_dl1_df512_expand2_dc4_fc3_ebtimeF_dtTrue_PFB_100_0","5989aedd478d0716490733690397c29043ab3e12c930562a02f096b9df6f7e00","NVIDIA GeForce RTX 2080 Ti","local workstation result"
"Weather","PFB-Projected","both","gaussian","0.2","22","0.1961944383305741","0.24276272964634357","0.0","41723136","long_term_forecast_PFB-Projected_H192_Weather_192_PFB-Projected_custom_ftM_sl336_ll96_pl192_dm128_nh8_el3_dl1_df512_expand2_dc4_fc3_ebtimeF_dtTrue_PFB_100_0","5989aedd478d0716490733690397c29043ab3e12c930562a02f096b9df6f7e00","NVIDIA GeForce RTX 2080 Ti","local workstation result"
"Weather","PFB-Projected","both","gaussian","0.2","33","0.19619447789804348","0.24280091984947363","0.0","41723136","long_term_forecast_PFB-Projected_H192_Weather_192_PFB-Projected_custom_ftM_sl336_ll96_pl192_dm128_nh8_el3_dl1_df512_expand2_dc4_fc3_ebtimeF_dtTrue_PFB_100_0","5989aedd478d0716490733690397c29043ab3e12c930562a02f096b9df6f7e00","NVIDIA GeForce RTX 2080 Ti","local workstation result"
"Weather","PFB-Projected","both","gaussian","0.3","11","0.1985447410499095","0.24575308359135714","0.0","41723136","long_term_forecast_PFB-Projected_H192_Weather_192_PFB-Projected_custom_ftM_sl336_ll96_pl192_dm128_nh8_el3_dl1_df512_expand2_dc4_fc3_ebtimeF_dtTrue_PFB_100_0","5989aedd478d0716490733690397c29043ab3e12c930562a02f096b9df6f7e00","NVIDIA GeForce RTX 2080 Ti","local workstation result"
"Weather","PFB-Projected","both","gaussian","0.3","22","0.19863525876903465","0.24587557268005483","0.0","41723136","long_term_forecast_PFB-Projected_H192_Weather_192_PFB-Projected_custom_ftM_sl336_ll96_pl192_dm128_nh8_el3_dl1_df512_expand2_dc4_fc3_ebtimeF_dtTrue_PFB_100_0","5989aedd478d0716490733690397c29043ab3e12c930562a02f096b9df6f7e00","NVIDIA GeForce RTX 2080 Ti","local workstation result"
"Weather","PFB-Projected","both","gaussian","0.3","33","0.19864870301337803","0.2459463165768358","0.0","41723136","long_term_forecast_PFB-Projected_H192_Weather_192_PFB-Projected_custom_ftM_sl336_ll96_pl192_dm128_nh8_el3_dl1_df512_expand2_dc4_fc3_ebtimeF_dtTrue_PFB_100_0","5989aedd478d0716490733690397c29043ab3e12c930562a02f096b9df6f7e00","NVIDIA GeForce RTX 2080 Ti","local workstation result"
"Weather","PFB-Projected","both","mcar","0.1","11","0.2013025670301402","0.25650428519517926","0.09999911031789249","41723136","long_term_forecast_PFB-Projected_H192_Weather_192_PFB-Projected_custom_ftM_sl336_ll96_pl192_dm128_nh8_el3_dl1_df512_expand2_dc4_fc3_ebtimeF_dtTrue_PFB_100_0","5989aedd478d0716490733690397c29043ab3e12c930562a02f096b9df6f7e00","NVIDIA GeForce RTX 2080 Ti","local workstation result"
"Weather","PFB-Projected","both","mcar","0.1","22","0.20138648284502603","0.25658968426938833","0.09999911031789249","41723136","long_term_forecast_PFB-Projected_H192_Weather_192_PFB-Projected_custom_ftM_sl336_ll96_pl192_dm128_nh8_el3_dl1_df512_expand2_dc4_fc3_ebtimeF_dtTrue_PFB_100_0","5989aedd478d0716490733690397c29043ab3e12c930562a02f096b9df6f7e00","NVIDIA GeForce RTX 2080 Ti","local workstation result"
"Weather","PFB-Projected","both","mcar","0.1","33","0.2015103509203016","0.25657030863785923","0.09999911031789249","41723136","long_term_forecast_PFB-Projected_H192_Weather_192_PFB-Projected_custom_ftM_sl336_ll96_pl192_dm128_nh8_el3_dl1_df512_expand2_dc4_fc3_ebtimeF_dtTrue_PFB_100_0","5989aedd478d0716490733690397c29043ab3e12c930562a02f096b9df6f7e00","NVIDIA GeForce RTX 2080 Ti","local workstation result"
"Weather","PFB-Projected","both","mcar","0.2","11","0.21481187035767532","0.2814916313616518","0.19999822063578498","41723136","long_term_forecast_PFB-Projected_H192_Weather_192_PFB-Projected_custom_ftM_sl336_ll96_pl192_dm128_nh8_el3_dl1_df512_expand2_dc4_fc3_ebtimeF_dtTrue_PFB_100_0","5989aedd478d0716490733690397c29043ab3e12c930562a02f096b9df6f7e00","NVIDIA GeForce RTX 2080 Ti","local workstation result"
"Weather","PFB-Projected","both","mcar","0.2","22","0.21498301768520736","0.2816158539759646","0.19999822063578498","41723136","long_term_forecast_PFB-Projected_H192_Weather_192_PFB-Projected_custom_ftM_sl336_ll96_pl192_dm128_nh8_el3_dl1_df512_expand2_dc4_fc3_ebtimeF_dtTrue_PFB_100_0","5989aedd478d0716490733690397c29043ab3e12c930562a02f096b9df6f7e00","NVIDIA GeForce RTX 2080 Ti","local workstation result"
"Weather","PFB-Projected","both","mcar","0.2","33","0.21539758911662718","0.2817347254674616","0.19999822063578498","41723136","long_term_forecast_PFB-Projected_H192_Weather_192_PFB-Projected_custom_ftM_sl336_ll96_pl192_dm128_nh8_el3_dl1_df512_expand2_dc4_fc3_ebtimeF_dtTrue_PFB_100_0","5989aedd478d0716490733690397c29043ab3e12c930562a02f096b9df6f7e00","NVIDIA GeForce RTX 2080 Ti","local workstation result"
"Weather","PFB-Projected","both","mcar","0.3","11","0.23791520323063384","0.3135616012422415","0.300001779364215","41723136","long_term_forecast_PFB-Projected_H192_Weather_192_PFB-Projected_custom_ftM_sl336_ll96_pl192_dm128_nh8_el3_dl1_df512_expand2_dc4_fc3_ebtimeF_dtTrue_PFB_100_0","5989aedd478d0716490733690397c29043ab3e12c930562a02f096b9df6f7e00","NVIDIA GeForce RTX 2080 Ti","local workstation result"
"Weather","PFB-Projected","both","mcar","0.3","22","0.23807904497088409","0.31369324842711366","0.300001779364215","41723136","long_term_forecast_PFB-Projected_H192_Weather_192_PFB-Projected_custom_ftM_sl336_ll96_pl192_dm128_nh8_el3_dl1_df512_expand2_dc4_fc3_ebtimeF_dtTrue_PFB_100_0","5989aedd478d0716490733690397c29043ab3e12c930562a02f096b9df6f7e00","NVIDIA GeForce RTX 2080 Ti","local workstation result"
"Weather","PFB-Projected","both","mcar","0.3","33","0.2386673633980055","0.3137643236795078","0.300001779364215","41723136","long_term_forecast_PFB-Projected_H192_Weather_192_PFB-Projected_custom_ftM_sl336_ll96_pl192_dm128_nh8_el3_dl1_df512_expand2_dc4_fc3_ebtimeF_dtTrue_PFB_100_0","5989aedd478d0716490733690397c29043ab3e12c930562a02f096b9df6f7e00","NVIDIA GeForce RTX 2080 Ti","local workstation result"
"Weather","PFB-Projected","both","block","0.1","11","0.20390886659522894","0.2573083071269499","0.1374932092005088","41723136","long_term_forecast_PFB-Projected_H192_Weather_192_PFB-Projected_custom_ftM_sl336_ll96_pl192_dm128_nh8_el3_dl1_df512_expand2_dc4_fc3_ebtimeF_dtTrue_PFB_100_0","5989aedd478d0716490733690397c29043ab3e12c930562a02f096b9df6f7e00","NVIDIA GeForce RTX 2080 Ti","local workstation result"
"Weather","PFB-Projected","both","block","0.1","22","0.2042505918813133","0.25749655601563304","0.13749981988911275","41723136","long_term_forecast_PFB-Projected_H192_Weather_192_PFB-Projected_custom_ftM_sl336_ll96_pl192_dm128_nh8_el3_dl1_df512_expand2_dc4_fc3_ebtimeF_dtTrue_PFB_100_0","5989aedd478d0716490733690397c29043ab3e12c930562a02f096b9df6f7e00","NVIDIA GeForce RTX 2080 Ti","local workstation result"
"Weather","PFB-Projected","both","block","0.1","33","0.20430284784584204","0.2575395162931155","0.13756024809899153","41723136","long_term_forecast_PFB-Projected_H192_Weather_192_PFB-Projected_custom_ftM_sl336_ll96_pl192_dm128_nh8_el3_dl1_df512_expand2_dc4_fc3_ebtimeF_dtTrue_PFB_100_0","5989aedd478d0716490733690397c29043ab3e12c930562a02f096b9df6f7e00","NVIDIA GeForce RTX 2080 Ti","local workstation result"
"Weather","PFB-Projected","both","block","0.2","11","0.20892434975630186","0.2652325527758448","0.19868441045652202","41723136","long_term_forecast_PFB-Projected_H192_Weather_192_PFB-Projected_custom_ftM_sl336_ll96_pl192_dm128_nh8_el3_dl1_df512_expand2_dc4_fc3_ebtimeF_dtTrue_PFB_100_0","5989aedd478d0716490733690397c29043ab3e12c930562a02f096b9df6f7e00","NVIDIA GeForce RTX 2080 Ti","local workstation result"
"Weather","PFB-Projected","both","block","0.2","22","0.20898180618064713","0.2652759993317916","0.19858909398317337","41723136","long_term_forecast_PFB-Projected_H192_Weather_192_PFB-Projected_custom_ftM_sl336_ll96_pl192_dm128_nh8_el3_dl1_df512_expand2_dc4_fc3_ebtimeF_dtTrue_PFB_100_0","5989aedd478d0716490733690397c29043ab3e12c930562a02f096b9df6f7e00","NVIDIA GeForce RTX 2080 Ti","local workstation result"
"Weather","PFB-Projected","both","block","0.2","33","0.2090047225330959","0.26534922936701116","0.19870829076310734","41723136","long_term_forecast_PFB-Projected_H192_Weather_192_PFB-Projected_custom_ftM_sl336_ll96_pl192_dm128_nh8_el3_dl1_df512_expand2_dc4_fc3_ebtimeF_dtTrue_PFB_100_0","5989aedd478d0716490733690397c29043ab3e12c930562a02f096b9df6f7e00","NVIDIA GeForce RTX 2080 Ti","local workstation result"
"Weather","PFB-Projected","both","block","0.3","11","0.222436827867105","0.2846902441234882","0.30769105973067107","41723136","long_term_forecast_PFB-Projected_H192_Weather_192_PFB-Projected_custom_ftM_sl336_ll96_pl192_dm128_nh8_el3_dl1_df512_expand2_dc4_fc3_ebtimeF_dtTrue_PFB_100_0","5989aedd478d0716490733690397c29043ab3e12c930562a02f096b9df6f7e00","NVIDIA GeForce RTX 2080 Ti","local workstation result"
"Weather","PFB-Projected","both","block","0.3","22","0.2223125464223667","0.28452617417689285","0.30753056042724186","41723136","long_term_forecast_PFB-Projected_H192_Weather_192_PFB-Projected_custom_ftM_sl336_ll96_pl192_dm128_nh8_el3_dl1_df512_expand2_dc4_fc3_ebtimeF_dtTrue_PFB_100_0","5989aedd478d0716490733690397c29043ab3e12c930562a02f096b9df6f7e00","NVIDIA GeForce RTX 2080 Ti","local workstation result"
"Weather","PFB-Projected","both","block","0.3","33","0.2226584043732243","0.28482246865871075","0.3076295574874054","41723136","long_term_forecast_PFB-Projected_H192_Weather_192_PFB-Projected_custom_ftM_sl336_ll96_pl192_dm128_nh8_el3_dl1_df512_expand2_dc4_fc3_ebtimeF_dtTrue_PFB_100_0","5989aedd478d0716490733690397c29043ab3e12c930562a02f096b9df6f7e00","NVIDIA GeForce RTX 2080 Ti","local workstation result"
"Weather","PFB-Projected","primary-only","clean","0.0","0","0.28601063518798137","0.31950780084542","0.0","41723136","long_term_forecast_PFB-Projected_H192_Weather_192_PFB-Projected_custom_ftM_sl336_ll96_pl192_dm128_nh8_el3_dl1_df512_expand2_dc4_fc3_ebtimeF_dtTrue_PFB_100_0","5989aedd478d0716490733690397c29043ab3e12c930562a02f096b9df6f7e00","NVIDIA GeForce RTX 2080 Ti","local workstation result"
"Weather","PFB-Projected","primary-only","gaussian","0.1","11","0.2862656741054179","0.31962726216254755","0.0","41723136","long_term_forecast_PFB-Projected_H192_Weather_192_PFB-Projected_custom_ftM_sl336_ll96_pl192_dm128_nh8_el3_dl1_df512_expand2_dc4_fc3_ebtimeF_dtTrue_PFB_100_0","5989aedd478d0716490733690397c29043ab3e12c930562a02f096b9df6f7e00","NVIDIA GeForce RTX 2080 Ti","local workstation result"
"Weather","PFB-Projected","primary-only","gaussian","0.1","22","0.28623418666202893","0.31958597640471137","0.0","41723136","long_term_forecast_PFB-Projected_H192_Weather_192_PFB-Projected_custom_ftM_sl336_ll96_pl192_dm128_nh8_el3_dl1_df512_expand2_dc4_fc3_ebtimeF_dtTrue_PFB_100_0","5989aedd478d0716490733690397c29043ab3e12c930562a02f096b9df6f7e00","NVIDIA GeForce RTX 2080 Ti","local workstation result"
"Weather","PFB-Projected","primary-only","gaussian","0.1","33","0.2864299904446488","0.3196969243378467","0.0","41723136","long_term_forecast_PFB-Projected_H192_Weather_192_PFB-Projected_custom_ftM_sl336_ll96_pl192_dm128_nh8_el3_dl1_df512_expand2_dc4_fc3_ebtimeF_dtTrue_PFB_100_0","5989aedd478d0716490733690397c29043ab3e12c930562a02f096b9df6f7e00","NVIDIA GeForce RTX 2080 Ti","local workstation result"
"Weather","PFB-Projected","primary-only","gaussian","0.2","11","0.28757419532699435","0.32046890345390444","0.0","41723136","long_term_forecast_PFB-Projected_H192_Weather_192_PFB-Projected_custom_ftM_sl336_ll96_pl192_dm128_nh8_el3_dl1_df512_expand2_dc4_fc3_ebtimeF_dtTrue_PFB_100_0","5989aedd478d0716490733690397c29043ab3e12c930562a02f096b9df6f7e00","NVIDIA GeForce RTX 2080 Ti","local workstation result"
"Weather","PFB-Projected","primary-only","gaussian","0.2","22","0.287499708085465","0.3203865402964766","0.0","41723136","long_term_forecast_PFB-Projected_H192_Weather_192_PFB-Projected_custom_ftM_sl336_ll96_pl192_dm128_nh8_el3_dl1_df512_expand2_dc4_fc3_ebtimeF_dtTrue_PFB_100_0","5989aedd478d0716490733690397c29043ab3e12c930562a02f096b9df6f7e00","NVIDIA GeForce RTX 2080 Ti","local workstation result"
"Weather","PFB-Projected","primary-only","gaussian","0.2","33","0.2879508524626069","0.3206775476234726","0.0","41723136","long_term_forecast_PFB-Projected_H192_Weather_192_PFB-Projected_custom_ftM_sl336_ll96_pl192_dm128_nh8_el3_dl1_df512_expand2_dc4_fc3_ebtimeF_dtTrue_PFB_100_0","5989aedd478d0716490733690397c29043ab3e12c930562a02f096b9df6f7e00","NVIDIA GeForce RTX 2080 Ti","local workstation result"
"Weather","PFB-Projected","primary-only","gaussian","0.3","11","0.2901781177309515","0.3222787191992157","0.0","41723136","long_term_forecast_PFB-Projected_H192_Weather_192_PFB-Projected_custom_ftM_sl336_ll96_pl192_dm128_nh8_el3_dl1_df512_expand2_dc4_fc3_ebtimeF_dtTrue_PFB_100_0","5989aedd478d0716490733690397c29043ab3e12c930562a02f096b9df6f7e00","NVIDIA GeForce RTX 2080 Ti","local workstation result"
"Weather","PFB-Projected","primary-only","gaussian","0.3","22","0.29007339519669467","0.32217754881960153","0.0","41723136","long_term_forecast_PFB-Projected_H192_Weather_192_PFB-Projected_custom_ftM_sl336_ll96_pl192_dm128_nh8_el3_dl1_df512_expand2_dc4_fc3_ebtimeF_dtTrue_PFB_100_0","5989aedd478d0716490733690397c29043ab3e12c930562a02f096b9df6f7e00","NVIDIA GeForce RTX 2080 Ti","local workstation result"
"Weather","PFB-Projected","primary-only","gaussian","0.3","33","0.2907338185315367","0.3226261321130005","0.0","41723136","long_term_forecast_PFB-Projected_H192_Weather_192_PFB-Projected_custom_ftM_sl336_ll96_pl192_dm128_nh8_el3_dl1_df512_expand2_dc4_fc3_ebtimeF_dtTrue_PFB_100_0","5989aedd478d0716490733690397c29043ab3e12c930562a02f096b9df6f7e00","NVIDIA GeForce RTX 2080 Ti","local workstation result"
"Weather","PFB-Projected","primary-only","mcar","0.1","11","0.2688025848344482","0.3067018572095033","0.09999911031789249","41723136","long_term_forecast_PFB-Projected_H192_Weather_192_PFB-Projected_custom_ftM_sl336_ll96_pl192_dm128_nh8_el3_dl1_df512_expand2_dc4_fc3_ebtimeF_dtTrue_PFB_100_0","5989aedd478d0716490733690397c29043ab3e12c930562a02f096b9df6f7e00","NVIDIA GeForce RTX 2080 Ti","local workstation result"
"Weather","PFB-Projected","primary-only","mcar","0.1","22","0.26887480329530555","0.3067321005421159","0.09999911031789249","41723136","long_term_forecast_PFB-Projected_H192_Weather_192_PFB-Projected_custom_ftM_sl336_ll96_pl192_dm128_nh8_el3_dl1_df512_expand2_dc4_fc3_ebtimeF_dtTrue_PFB_100_0","5989aedd478d0716490733690397c29043ab3e12c930562a02f096b9df6f7e00","NVIDIA GeForce RTX 2080 Ti","local workstation result"
"Weather","PFB-Projected","primary-only","mcar","0.1","33","0.2685175144652133","0.30656787646846584","0.09999911031789249","41723136","long_term_forecast_PFB-Projected_H192_Weather_192_PFB-Projected_custom_ftM_sl336_ll96_pl192_dm128_nh8_el3_dl1_df512_expand2_dc4_fc3_ebtimeF_dtTrue_PFB_100_0","5989aedd478d0716490733690397c29043ab3e12c930562a02f096b9df6f7e00","NVIDIA GeForce RTX 2080 Ti","local workstation result"
"Weather","PFB-Projected","primary-only","mcar","0.2","11","0.2577262753337486","0.30141355295319544","0.19999822063578498","41723136","long_term_forecast_PFB-Projected_H192_Weather_192_PFB-Projected_custom_ftM_sl336_ll96_pl192_dm128_nh8_el3_dl1_df512_expand2_dc4_fc3_ebtimeF_dtTrue_PFB_100_0","5989aedd478d0716490733690397c29043ab3e12c930562a02f096b9df6f7e00","NVIDIA GeForce RTX 2080 Ti","local workstation result"
"Weather","PFB-Projected","primary-only","mcar","0.2","22","0.2581434936076855","0.3017540070012055","0.19999822063578498","41723136","long_term_forecast_PFB-Projected_H192_Weather_192_PFB-Projected_custom_ftM_sl336_ll96_pl192_dm128_nh8_el3_dl1_df512_expand2_dc4_fc3_ebtimeF_dtTrue_PFB_100_0","5989aedd478d0716490733690397c29043ab3e12c930562a02f096b9df6f7e00","NVIDIA GeForce RTX 2080 Ti","local workstation result"
"Weather","PFB-Projected","primary-only","mcar","0.2","33","0.25791932239542187","0.30148370253043627","0.19999822063578498","41723136","long_term_forecast_PFB-Projected_H192_Weather_192_PFB-Projected_custom_ftM_sl336_ll96_pl192_dm128_nh8_el3_dl1_df512_expand2_dc4_fc3_ebtimeF_dtTrue_PFB_100_0","5989aedd478d0716490733690397c29043ab3e12c930562a02f096b9df6f7e00","NVIDIA GeForce RTX 2080 Ti","local workstation result"
"Weather","PFB-Projected","primary-only","mcar","0.3","11","0.2603344821655499","0.311102207065943","0.300001779364215","41723136","long_term_forecast_PFB-Projected_H192_Weather_192_PFB-Projected_custom_ftM_sl336_ll96_pl192_dm128_nh8_el3_dl1_df512_expand2_dc4_fc3_ebtimeF_dtTrue_PFB_100_0","5989aedd478d0716490733690397c29043ab3e12c930562a02f096b9df6f7e00","NVIDIA GeForce RTX 2080 Ti","local workstation result"
"Weather","PFB-Projected","primary-only","mcar","0.3","22","0.2606616146974187","0.3113285056294591","0.300001779364215","41723136","long_term_forecast_PFB-Projected_H192_Weather_192_PFB-Projected_custom_ftM_sl336_ll96_pl192_dm128_nh8_el3_dl1_df512_expand2_dc4_fc3_ebtimeF_dtTrue_PFB_100_0","5989aedd478d0716490733690397c29043ab3e12c930562a02f096b9df6f7e00","NVIDIA GeForce RTX 2080 Ti","local workstation result"
"Weather","PFB-Projected","primary-only","mcar","0.3","33","0.26081382061743347","0.3112131354084413","0.300001779364215","41723136","long_term_forecast_PFB-Projected_H192_Weather_192_PFB-Projected_custom_ftM_sl336_ll96_pl192_dm128_nh8_el3_dl1_df512_expand2_dc4_fc3_ebtimeF_dtTrue_PFB_100_0","5989aedd478d0716490733690397c29043ab3e12c930562a02f096b9df6f7e00","NVIDIA GeForce RTX 2080 Ti","local workstation result"
"Weather","PFB-Projected","primary-only","block","0.1","11","0.3028516408550582","0.3443494992858249","0.1374932092005088","41723136","long_term_forecast_PFB-Projected_H192_Weather_192_PFB-Projected_custom_ftM_sl336_ll96_pl192_dm128_nh8_el3_dl1_df512_expand2_dc4_fc3_ebtimeF_dtTrue_PFB_100_0","5989aedd478d0716490733690397c29043ab3e12c930562a02f096b9df6f7e00","NVIDIA GeForce RTX 2080 Ti","local workstation result"
"Weather","PFB-Projected","primary-only","block","0.1","22","0.30313829185165697","0.34433579131686676","0.13749981988911275","41723136","long_term_forecast_PFB-Projected_H192_Weather_192_PFB-Projected_custom_ftM_sl336_ll96_pl192_dm128_nh8_el3_dl1_df512_expand2_dc4_fc3_ebtimeF_dtTrue_PFB_100_0","5989aedd478d0716490733690397c29043ab3e12c930562a02f096b9df6f7e00","NVIDIA GeForce RTX 2080 Ti","local workstation result"
"Weather","PFB-Projected","primary-only","block","0.1","33","0.3028720662708837","0.3442536819951121","0.13756024809899153","41723136","long_term_forecast_PFB-Projected_H192_Weather_192_PFB-Projected_custom_ftM_sl336_ll96_pl192_dm128_nh8_el3_dl1_df512_expand2_dc4_fc3_ebtimeF_dtTrue_PFB_100_0","5989aedd478d0716490733690397c29043ab3e12c930562a02f096b9df6f7e00","NVIDIA GeForce RTX 2080 Ti","local workstation result"
"Weather","PFB-Projected","primary-only","block","0.2","11","0.3092257957704959","0.3512777950534896","0.19868441045652202","41723136","long_term_forecast_PFB-Projected_H192_Weather_192_PFB-Projected_custom_ftM_sl336_ll96_pl192_dm128_nh8_el3_dl1_df512_expand2_dc4_fc3_ebtimeF_dtTrue_PFB_100_0","5989aedd478d0716490733690397c29043ab3e12c930562a02f096b9df6f7e00","NVIDIA GeForce RTX 2080 Ti","local workstation result"
"Weather","PFB-Projected","primary-only","block","0.2","22","0.30910068581969574","0.35111921636010895","0.19858909398317337","41723136","long_term_forecast_PFB-Projected_H192_Weather_192_PFB-Projected_custom_ftM_sl336_ll96_pl192_dm128_nh8_el3_dl1_df512_expand2_dc4_fc3_ebtimeF_dtTrue_PFB_100_0","5989aedd478d0716490733690397c29043ab3e12c930562a02f096b9df6f7e00","NVIDIA GeForce RTX 2080 Ti","local workstation result"
"Weather","PFB-Projected","primary-only","block","0.2","33","0.30897149050720174","0.35115404930851796","0.19870829076310734","41723136","long_term_forecast_PFB-Projected_H192_Weather_192_PFB-Projected_custom_ftM_sl336_ll96_pl192_dm128_nh8_el3_dl1_df512_expand2_dc4_fc3_ebtimeF_dtTrue_PFB_100_0","5989aedd478d0716490733690397c29043ab3e12c930562a02f096b9df6f7e00","NVIDIA GeForce RTX 2080 Ti","local workstation result"
"Weather","PFB-Projected","primary-only","block","0.3","11","0.31534559229152115","0.35697282635290317","0.30769105973067107","41723136","long_term_forecast_PFB-Projected_H192_Weather_192_PFB-Projected_custom_ftM_sl336_ll96_pl192_dm128_nh8_el3_dl1_df512_expand2_dc4_fc3_ebtimeF_dtTrue_PFB_100_0","5989aedd478d0716490733690397c29043ab3e12c930562a02f096b9df6f7e00","NVIDIA GeForce RTX 2080 Ti","local workstation result"
"Weather","PFB-Projected","primary-only","block","0.3","22","0.3147179266082881","0.3567108919291356","0.30753056042724186","41723136","long_term_forecast_PFB-Projected_H192_Weather_192_PFB-Projected_custom_ftM_sl336_ll96_pl192_dm128_nh8_el3_dl1_df512_expand2_dc4_fc3_ebtimeF_dtTrue_PFB_100_0","5989aedd478d0716490733690397c29043ab3e12c930562a02f096b9df6f7e00","NVIDIA GeForce RTX 2080 Ti","local workstation result"
"Weather","PFB-Projected","primary-only","block","0.3","33","0.3151004079794302","0.35690304848283844","0.3076295574874054","41723136","long_term_forecast_PFB-Projected_H192_Weather_192_PFB-Projected_custom_ftM_sl336_ll96_pl192_dm128_nh8_el3_dl1_df512_expand2_dc4_fc3_ebtimeF_dtTrue_PFB_100_0","5989aedd478d0716490733690397c29043ab3e12c930562a02f096b9df6f7e00","NVIDIA GeForce RTX 2080 Ti","local workstation result"
"Weather","PFB-Projected","secondary-only","clean","0.0","0","0.22163516326006827","0.27192421714777143","0.0","41723136","long_term_forecast_PFB-Projected_H192_Weather_192_PFB-Projected_custom_ftM_sl336_ll96_pl192_dm128_nh8_el3_dl1_df512_expand2_dc4_fc3_ebtimeF_dtTrue_PFB_100_0","5989aedd478d0716490733690397c29043ab3e12c930562a02f096b9df6f7e00","NVIDIA GeForce RTX 2080 Ti","local workstation result"
"Weather","PFB-Projected","secondary-only","gaussian","0.1","11","0.22210267988599075","0.2722765928356871","0.0","41723136","long_term_forecast_PFB-Projected_H192_Weather_192_PFB-Projected_custom_ftM_sl336_ll96_pl192_dm128_nh8_el3_dl1_df512_expand2_dc4_fc3_ebtimeF_dtTrue_PFB_100_0","5989aedd478d0716490733690397c29043ab3e12c930562a02f096b9df6f7e00","NVIDIA GeForce RTX 2080 Ti","local workstation result"
"Weather","PFB-Projected","secondary-only","gaussian","0.1","22","0.22213881735549176","0.2723270884866867","0.0","41723136","long_term_forecast_PFB-Projected_H192_Weather_192_PFB-Projected_custom_ftM_sl336_ll96_pl192_dm128_nh8_el3_dl1_df512_expand2_dc4_fc3_ebtimeF_dtTrue_PFB_100_0","5989aedd478d0716490733690397c29043ab3e12c930562a02f096b9df6f7e00","NVIDIA GeForce RTX 2080 Ti","local workstation result"
"Weather","PFB-Projected","secondary-only","gaussian","0.1","33","0.22208927646132592","0.27230930271610126","0.0","41723136","long_term_forecast_PFB-Projected_H192_Weather_192_PFB-Projected_custom_ftM_sl336_ll96_pl192_dm128_nh8_el3_dl1_df512_expand2_dc4_fc3_ebtimeF_dtTrue_PFB_100_0","5989aedd478d0716490733690397c29043ab3e12c930562a02f096b9df6f7e00","NVIDIA GeForce RTX 2080 Ti","local workstation result"
"Weather","PFB-Projected","secondary-only","gaussian","0.2","11","0.2234998569203794","0.27336301733430046","0.0","41723136","long_term_forecast_PFB-Projected_H192_Weather_192_PFB-Projected_custom_ftM_sl336_ll96_pl192_dm128_nh8_el3_dl1_df512_expand2_dc4_fc3_ebtimeF_dtTrue_PFB_100_0","5989aedd478d0716490733690397c29043ab3e12c930562a02f096b9df6f7e00","NVIDIA GeForce RTX 2080 Ti","local workstation result"
"Weather","PFB-Projected","secondary-only","gaussian","0.2","22","0.2235446465818449","0.2734408853650616","0.0","41723136","long_term_forecast_PFB-Projected_H192_Weather_192_PFB-Projected_custom_ftM_sl336_ll96_pl192_dm128_nh8_el3_dl1_df512_expand2_dc4_fc3_ebtimeF_dtTrue_PFB_100_0","5989aedd478d0716490733690397c29043ab3e12c930562a02f096b9df6f7e00","NVIDIA GeForce RTX 2080 Ti","local workstation result"
"Weather","PFB-Projected","secondary-only","gaussian","0.2","33","0.22348749227929485","0.273426965105688","0.0","41723136","long_term_forecast_PFB-Projected_H192_Weather_192_PFB-Projected_custom_ftM_sl336_ll96_pl192_dm128_nh8_el3_dl1_df512_expand2_dc4_fc3_ebtimeF_dtTrue_PFB_100_0","5989aedd478d0716490733690397c29043ab3e12c930562a02f096b9df6f7e00","NVIDIA GeForce RTX 2080 Ti","local workstation result"
"Weather","PFB-Projected","secondary-only","gaussian","0.3","11","0.22573897103665697","0.2751117042534342","0.0","41723136","long_term_forecast_PFB-Projected_H192_Weather_192_PFB-Projected_custom_ftM_sl336_ll96_pl192_dm128_nh8_el3_dl1_df512_expand2_dc4_fc3_ebtimeF_dtTrue_PFB_100_0","5989aedd478d0716490733690397c29043ab3e12c930562a02f096b9df6f7e00","NVIDIA GeForce RTX 2080 Ti","local workstation result"
"Weather","PFB-Projected","secondary-only","gaussian","0.3","22","0.2257780903672927","0.2751959393348483","0.0","41723136","long_term_forecast_PFB-Projected_H192_Weather_192_PFB-Projected_custom_ftM_sl336_ll96_pl192_dm128_nh8_el3_dl1_df512_expand2_dc4_fc3_ebtimeF_dtTrue_PFB_100_0","5989aedd478d0716490733690397c29043ab3e12c930562a02f096b9df6f7e00","NVIDIA GeForce RTX 2080 Ti","local workstation result"
"Weather","PFB-Projected","secondary-only","gaussian","0.3","33","0.22574176446956792","0.27519756208091145","0.0","41723136","long_term_forecast_PFB-Projected_H192_Weather_192_PFB-Projected_custom_ftM_sl336_ll96_pl192_dm128_nh8_el3_dl1_df512_expand2_dc4_fc3_ebtimeF_dtTrue_PFB_100_0","5989aedd478d0716490733690397c29043ab3e12c930562a02f096b9df6f7e00","NVIDIA GeForce RTX 2080 Ti","local workstation result"
"Weather","PFB-Projected","secondary-only","mcar","0.1","11","0.23297245123400703","0.2899266079836826","0.09999911031789249","41723136","long_term_forecast_PFB-Projected_H192_Weather_192_PFB-Projected_custom_ftM_sl336_ll96_pl192_dm128_nh8_el3_dl1_df512_expand2_dc4_fc3_ebtimeF_dtTrue_PFB_100_0","5989aedd478d0716490733690397c29043ab3e12c930562a02f096b9df6f7e00","NVIDIA GeForce RTX 2080 Ti","local workstation result"
"Weather","PFB-Projected","secondary-only","mcar","0.1","22","0.23305375525652977","0.2900010047267675","0.09999911031789249","41723136","long_term_forecast_PFB-Projected_H192_Weather_192_PFB-Projected_custom_ftM_sl336_ll96_pl192_dm128_nh8_el3_dl1_df512_expand2_dc4_fc3_ebtimeF_dtTrue_PFB_100_0","5989aedd478d0716490733690397c29043ab3e12c930562a02f096b9df6f7e00","NVIDIA GeForce RTX 2080 Ti","local workstation result"
"Weather","PFB-Projected","secondary-only","mcar","0.1","33","0.23322700311229153","0.2900079657224681","0.09999911031789249","41723136","long_term_forecast_PFB-Projected_H192_Weather_192_PFB-Projected_custom_ftM_sl336_ll96_pl192_dm128_nh8_el3_dl1_df512_expand2_dc4_fc3_ebtimeF_dtTrue_PFB_100_0","5989aedd478d0716490733690397c29043ab3e12c930562a02f096b9df6f7e00","NVIDIA GeForce RTX 2080 Ti","local workstation result"
"Weather","PFB-Projected","secondary-only","mcar","0.2","11","0.2447359520535823","0.3074637920631883","0.19999822063578498","41723136","long_term_forecast_PFB-Projected_H192_Weather_192_PFB-Projected_custom_ftM_sl336_ll96_pl192_dm128_nh8_el3_dl1_df512_expand2_dc4_fc3_ebtimeF_dtTrue_PFB_100_0","5989aedd478d0716490733690397c29043ab3e12c930562a02f096b9df6f7e00","NVIDIA GeForce RTX 2080 Ti","local workstation result"
"Weather","PFB-Projected","secondary-only","mcar","0.2","22","0.2449003563166219","0.3075513052409789","0.19999822063578498","41723136","long_term_forecast_PFB-Projected_H192_Weather_192_PFB-Projected_custom_ftM_sl336_ll96_pl192_dm128_nh8_el3_dl1_df512_expand2_dc4_fc3_ebtimeF_dtTrue_PFB_100_0","5989aedd478d0716490733690397c29043ab3e12c930562a02f096b9df6f7e00","NVIDIA GeForce RTX 2080 Ti","local workstation result"
"Weather","PFB-Projected","secondary-only","mcar","0.2","33","0.24527181707672632","0.30762085811129014","0.19999822063578498","41723136","long_term_forecast_PFB-Projected_H192_Weather_192_PFB-Projected_custom_ftM_sl336_ll96_pl192_dm128_nh8_el3_dl1_df512_expand2_dc4_fc3_ebtimeF_dtTrue_PFB_100_0","5989aedd478d0716490733690397c29043ab3e12c930562a02f096b9df6f7e00","NVIDIA GeForce RTX 2080 Ti","local workstation result"
"Weather","PFB-Projected","secondary-only","mcar","0.3","11","0.26288651264676177","0.33018120472944107","0.300001779364215","41723136","long_term_forecast_PFB-Projected_H192_Weather_192_PFB-Projected_custom_ftM_sl336_ll96_pl192_dm128_nh8_el3_dl1_df512_expand2_dc4_fc3_ebtimeF_dtTrue_PFB_100_0","5989aedd478d0716490733690397c29043ab3e12c930562a02f096b9df6f7e00","NVIDIA GeForce RTX 2080 Ti","local workstation result"
"Weather","PFB-Projected","secondary-only","mcar","0.3","22","0.2630724235321816","0.33030907581317714","0.300001779364215","41723136","long_term_forecast_PFB-Projected_H192_Weather_192_PFB-Projected_custom_ftM_sl336_ll96_pl192_dm128_nh8_el3_dl1_df512_expand2_dc4_fc3_ebtimeF_dtTrue_PFB_100_0","5989aedd478d0716490733690397c29043ab3e12c930562a02f096b9df6f7e00","NVIDIA GeForce RTX 2080 Ti","local workstation result"
"Weather","PFB-Projected","secondary-only","mcar","0.3","33","0.26357984183860544","0.3303661478327111","0.300001779364215","41723136","long_term_forecast_PFB-Projected_H192_Weather_192_PFB-Projected_custom_ftM_sl336_ll96_pl192_dm128_nh8_el3_dl1_df512_expand2_dc4_fc3_ebtimeF_dtTrue_PFB_100_0","5989aedd478d0716490733690397c29043ab3e12c930562a02f096b9df6f7e00","NVIDIA GeForce RTX 2080 Ti","local workstation result"
"Weather","PFB-Projected","secondary-only","block","0.1","11","0.23498960402975297","0.2930831130937536","0.1374932092005088","41723136","long_term_forecast_PFB-Projected_H192_Weather_192_PFB-Projected_custom_ftM_sl336_ll96_pl192_dm128_nh8_el3_dl1_df512_expand2_dc4_fc3_ebtimeF_dtTrue_PFB_100_0","5989aedd478d0716490733690397c29043ab3e12c930562a02f096b9df6f7e00","NVIDIA GeForce RTX 2080 Ti","local workstation result"
"Weather","PFB-Projected","secondary-only","block","0.1","22","0.23538798544978737","0.293220370831096","0.13749981988911275","41723136","long_term_forecast_PFB-Projected_H192_Weather_192_PFB-Projected_custom_ftM_sl336_ll96_pl192_dm128_nh8_el3_dl1_df512_expand2_dc4_fc3_ebtimeF_dtTrue_PFB_100_0","5989aedd478d0716490733690397c29043ab3e12c930562a02f096b9df6f7e00","NVIDIA GeForce RTX 2080 Ti","local workstation result"
"Weather","PFB-Projected","secondary-only","block","0.1","33","0.23532418925422458","0.2931462602938766","0.13756024809899153","41723136","long_term_forecast_PFB-Projected_H192_Weather_192_PFB-Projected_custom_ftM_sl336_ll96_pl192_dm128_nh8_el3_dl1_df512_expand2_dc4_fc3_ebtimeF_dtTrue_PFB_100_0","5989aedd478d0716490733690397c29043ab3e12c930562a02f096b9df6f7e00","NVIDIA GeForce RTX 2080 Ti","local workstation result"
"Weather","PFB-Projected","secondary-only","block","0.2","11","0.24052084749242528","0.3021280081543442","0.19868441045652202","41723136","long_term_forecast_PFB-Projected_H192_Weather_192_PFB-Projected_custom_ftM_sl336_ll96_pl192_dm128_nh8_el3_dl1_df512_expand2_dc4_fc3_ebtimeF_dtTrue_PFB_100_0","5989aedd478d0716490733690397c29043ab3e12c930562a02f096b9df6f7e00","NVIDIA GeForce RTX 2080 Ti","local workstation result"
"Weather","PFB-Projected","secondary-only","block","0.2","22","0.24062794743357438","0.30220161350122987","0.19858909398317337","41723136","long_term_forecast_PFB-Projected_H192_Weather_192_PFB-Projected_custom_ftM_sl336_ll96_pl192_dm128_nh8_el3_dl1_df512_expand2_dc4_fc3_ebtimeF_dtTrue_PFB_100_0","5989aedd478d0716490733690397c29043ab3e12c930562a02f096b9df6f7e00","NVIDIA GeForce RTX 2080 Ti","local workstation result"
"Weather","PFB-Projected","secondary-only","block","0.2","33","0.240648501826945","0.30223168782071236","0.19870829076310734","41723136","long_term_forecast_PFB-Projected_H192_Weather_192_PFB-Projected_custom_ftM_sl336_ll96_pl192_dm128_nh8_el3_dl1_df512_expand2_dc4_fc3_ebtimeF_dtTrue_PFB_100_0","5989aedd478d0716490733690397c29043ab3e12c930562a02f096b9df6f7e00","NVIDIA GeForce RTX 2080 Ti","local workstation result"
"Weather","PFB-Projected","secondary-only","block","0.3","11","0.2555110274934601","0.3232567448646777","0.30769105973067107","41723136","long_term_forecast_PFB-Projected_H192_Weather_192_PFB-Projected_custom_ftM_sl336_ll96_pl192_dm128_nh8_el3_dl1_df512_expand2_dc4_fc3_ebtimeF_dtTrue_PFB_100_0","5989aedd478d0716490733690397c29043ab3e12c930562a02f096b9df6f7e00","NVIDIA GeForce RTX 2080 Ti","local workstation result"
"Weather","PFB-Projected","secondary-only","block","0.3","22","0.2556747593903895","0.32321673476860807","0.30753056042724186","41723136","long_term_forecast_PFB-Projected_H192_Weather_192_PFB-Projected_custom_ftM_sl336_ll96_pl192_dm128_nh8_el3_dl1_df512_expand2_dc4_fc3_ebtimeF_dtTrue_PFB_100_0","5989aedd478d0716490733690397c29043ab3e12c930562a02f096b9df6f7e00","NVIDIA GeForce RTX 2080 Ti","local workstation result"
"Weather","PFB-Projected","secondary-only","block","0.3","33","0.25570401125420406","0.32330033670029473","0.3076295574874054","41723136","long_term_forecast_PFB-Projected_H192_Weather_192_PFB-Projected_custom_ftM_sl336_ll96_pl192_dm128_nh8_el3_dl1_df512_expand2_dc4_fc3_ebtimeF_dtTrue_PFB_100_0","5989aedd478d0716490733690397c29043ab3e12c930562a02f096b9df6f7e00","NVIDIA GeForce RTX 2080 Ti","local workstation result"
"ETTm2","PFB-Direct","both","clean","0.0","0","0.23469437102115734","0.29971963768250215","0.0","15226176","long_term_forecast_PFB-Direct_MS2021_ETTm2_192_PFB-Direct_ETTm2_ftM_sl336_ll96_pl192_dm128_nh8_el3_dl1_df512_expand2_dc4_fc3_ebtimeF_dtTrue_multiseed_h192_0","f162809abf339ba92aafce3e68649bb3e32106ea3fc6c05664bbf7c7e489dc59","NVIDIA GeForce RTX 2080 Ti","local workstation result"
"ETTm2","PFB-Direct","both","gaussian","0.1","11","0.23442718629832346","0.29970180903280025","0.0","15226176","long_term_forecast_PFB-Direct_MS2021_ETTm2_192_PFB-Direct_ETTm2_ftM_sl336_ll96_pl192_dm128_nh8_el3_dl1_df512_expand2_dc4_fc3_ebtimeF_dtTrue_multiseed_h192_0","f162809abf339ba92aafce3e68649bb3e32106ea3fc6c05664bbf7c7e489dc59","NVIDIA GeForce RTX 2080 Ti","local workstation result"
"ETTm2","PFB-Direct","both","gaussian","0.1","22","0.23446902570893688","0.29970472675092574","0.0","15226176","long_term_forecast_PFB-Direct_MS2021_ETTm2_192_PFB-Direct_ETTm2_ftM_sl336_ll96_pl192_dm128_nh8_el3_dl1_df512_expand2_dc4_fc3_ebtimeF_dtTrue_multiseed_h192_0","f162809abf339ba92aafce3e68649bb3e32106ea3fc6c05664bbf7c7e489dc59","NVIDIA GeForce RTX 2080 Ti","local workstation result"
"ETTm2","PFB-Direct","both","gaussian","0.1","33","0.23448257573781556","0.299731812634388","0.0","15226176","long_term_forecast_PFB-Direct_MS2021_ETTm2_192_PFB-Direct_ETTm2_ftM_sl336_ll96_pl192_dm128_nh8_el3_dl1_df512_expand2_dc4_fc3_ebtimeF_dtTrue_multiseed_h192_0","f162809abf339ba92aafce3e68649bb3e32106ea3fc6c05664bbf7c7e489dc59","NVIDIA GeForce RTX 2080 Ti","local workstation result"
"ETTm2","PFB-Direct","both","gaussian","0.2","11","0.2338548394855023","0.2996978680235643","0.0","15226176","long_term_forecast_PFB-Direct_MS2021_ETTm2_192_PFB-Direct_ETTm2_ftM_sl336_ll96_pl192_dm128_nh8_el3_dl1_df512_expand2_dc4_fc3_ebtimeF_dtTrue_multiseed_h192_0","f162809abf339ba92aafce3e68649bb3e32106ea3fc6c05664bbf7c7e489dc59","NVIDIA GeForce RTX 2080 Ti","local workstation result"
"ETTm2","PFB-Direct","both","gaussian","0.2","22","0.2339930028261087","0.29972617266792034","0.0","15226176","long_term_forecast_PFB-Direct_MS2021_ETTm2_192_PFB-Direct_ETTm2_ftM_sl336_ll96_pl192_dm128_nh8_el3_dl1_df512_expand2_dc4_fc3_ebtimeF_dtTrue_multiseed_h192_0","f162809abf339ba92aafce3e68649bb3e32106ea3fc6c05664bbf7c7e489dc59","NVIDIA GeForce RTX 2080 Ti","local workstation result"
"ETTm2","PFB-Direct","both","gaussian","0.2","33","0.23396532315352336","0.2997710522664175","0.0","15226176","long_term_forecast_PFB-Direct_MS2021_ETTm2_192_PFB-Direct_ETTm2_ftM_sl336_ll96_pl192_dm128_nh8_el3_dl1_df512_expand2_dc4_fc3_ebtimeF_dtTrue_multiseed_h192_0","f162809abf339ba92aafce3e68649bb3e32106ea3fc6c05664bbf7c7e489dc59","NVIDIA GeForce RTX 2080 Ti","local workstation result"
"ETTm2","PFB-Direct","both","gaussian","0.3","11","0.23337835862883302","0.29985981037174897","0.0","15226176","long_term_forecast_PFB-Direct_MS2021_ETTm2_192_PFB-Direct_ETTm2_ftM_sl336_ll96_pl192_dm128_nh8_el3_dl1_df512_expand2_dc4_fc3_ebtimeF_dtTrue_multiseed_h192_0","f162809abf339ba92aafce3e68649bb3e32106ea3fc6c05664bbf7c7e489dc59","NVIDIA GeForce RTX 2080 Ti","local workstation result"
"ETTm2","PFB-Direct","both","gaussian","0.3","22","0.23362795959438087","0.29993230148515604","0.0","15226176","long_term_forecast_PFB-Direct_MS2021_ETTm2_192_PFB-Direct_ETTm2_ftM_sl336_ll96_pl192_dm128_nh8_el3_dl1_df512_expand2_dc4_fc3_ebtimeF_dtTrue_multiseed_h192_0","f162809abf339ba92aafce3e68649bb3e32106ea3fc6c05664bbf7c7e489dc59","NVIDIA GeForce RTX 2080 Ti","local workstation result"
"ETTm2","PFB-Direct","both","gaussian","0.3","33","0.23352484488826067","0.2999770896562427","0.0","15226176","long_term_forecast_PFB-Direct_MS2021_ETTm2_192_PFB-Direct_ETTm2_ftM_sl336_ll96_pl192_dm128_nh8_el3_dl1_df512_expand2_dc4_fc3_ebtimeF_dtTrue_multiseed_h192_0","f162809abf339ba92aafce3e68649bb3e32106ea3fc6c05664bbf7c7e489dc59","NVIDIA GeForce RTX 2080 Ti","local workstation result"
"ETTm2","PFB-Direct","both","mcar","0.1","11","0.27080116180817826","0.3418029433260132","0.09999445720877446","15226176","long_term_forecast_PFB-Direct_MS2021_ETTm2_192_PFB-Direct_ETTm2_ftM_sl336_ll96_pl192_dm128_nh8_el3_dl1_df512_expand2_dc4_fc3_ebtimeF_dtTrue_multiseed_h192_0","f162809abf339ba92aafce3e68649bb3e32106ea3fc6c05664bbf7c7e489dc59","NVIDIA GeForce RTX 2080 Ti","local workstation result"
"ETTm2","PFB-Direct","both","mcar","0.1","22","0.2708771083269257","0.3418621890256044","0.09999445720877446","15226176","long_term_forecast_PFB-Direct_MS2021_ETTm2_192_PFB-Direct_ETTm2_ftM_sl336_ll96_pl192_dm128_nh8_el3_dl1_df512_expand2_dc4_fc3_ebtimeF_dtTrue_multiseed_h192_0","f162809abf339ba92aafce3e68649bb3e32106ea3fc6c05664bbf7c7e489dc59","NVIDIA GeForce RTX 2080 Ti","local workstation result"
"ETTm2","PFB-Direct","both","mcar","0.1","33","0.27126482948285363","0.3422322912039689","0.09999445720877446","15226176","long_term_forecast_PFB-Direct_MS2021_ETTm2_192_PFB-Direct_ETTm2_ftM_sl336_ll96_pl192_dm128_nh8_el3_dl1_df512_expand2_dc4_fc3_ebtimeF_dtTrue_multiseed_h192_0","f162809abf339ba92aafce3e68649bb3e32106ea3fc6c05664bbf7c7e489dc59","NVIDIA GeForce RTX 2080 Ti","local workstation result"
"ETTm2","PFB-Direct","both","mcar","0.2","11","0.3513729209089851","0.40726572717181486","0.2000021688115429","15226176","long_term_forecast_PFB-Direct_MS2021_ETTm2_192_PFB-Direct_ETTm2_ftM_sl336_ll96_pl192_dm128_nh8_el3_dl1_df512_expand2_dc4_fc3_ebtimeF_dtTrue_multiseed_h192_0","f162809abf339ba92aafce3e68649bb3e32106ea3fc6c05664bbf7c7e489dc59","NVIDIA GeForce RTX 2080 Ti","local workstation result"
"ETTm2","PFB-Direct","both","mcar","0.2","22","0.3520030162374217","0.407718274167934","0.2000021688115429","15226176","long_term_forecast_PFB-Direct_MS2021_ETTm2_192_PFB-Direct_ETTm2_ftM_sl336_ll96_pl192_dm128_nh8_el3_dl1_df512_expand2_dc4_fc3_ebtimeF_dtTrue_multiseed_h192_0","f162809abf339ba92aafce3e68649bb3e32106ea3fc6c05664bbf7c7e489dc59","NVIDIA GeForce RTX 2080 Ti","local workstation result"
"ETTm2","PFB-Direct","both","mcar","0.2","33","0.35128722532928053","0.4072883882740609","0.2000021688115429","15226176","long_term_forecast_PFB-Direct_MS2021_ETTm2_192_PFB-Direct_ETTm2_ftM_sl336_ll96_pl192_dm128_nh8_el3_dl1_df512_expand2_dc4_fc3_ebtimeF_dtTrue_multiseed_h192_0","f162809abf339ba92aafce3e68649bb3e32106ea3fc6c05664bbf7c7e489dc59","NVIDIA GeForce RTX 2080 Ti","local workstation result"
"ETTm2","PFB-Direct","both","mcar","0.3","11","0.4813983894579904","0.4915409312534382","0.29999781628729594","15226176","long_term_forecast_PFB-Direct_MS2021_ETTm2_192_PFB-Direct_ETTm2_ftM_sl336_ll96_pl192_dm128_nh8_el3_dl1_df512_expand2_dc4_fc3_ebtimeF_dtTrue_multiseed_h192_0","f162809abf339ba92aafce3e68649bb3e32106ea3fc6c05664bbf7c7e489dc59","NVIDIA GeForce RTX 2080 Ti","local workstation result"
"ETTm2","PFB-Direct","both","mcar","0.3","22","0.4829648132740789","0.49244481937633616","0.29999781628729594","15226176","long_term_forecast_PFB-Direct_MS2021_ETTm2_192_PFB-Direct_ETTm2_ftM_sl336_ll96_pl192_dm128_nh8_el3_dl1_df512_expand2_dc4_fc3_ebtimeF_dtTrue_multiseed_h192_0","f162809abf339ba92aafce3e68649bb3e32106ea3fc6c05664bbf7c7e489dc59","NVIDIA GeForce RTX 2080 Ti","local workstation result"
"ETTm2","PFB-Direct","both","mcar","0.3","33","0.4815666279711552","0.49167933155651145","0.29999781628729594","15226176","long_term_forecast_PFB-Direct_MS2021_ETTm2_192_PFB-Direct_ETTm2_ftM_sl336_ll96_pl192_dm128_nh8_el3_dl1_df512_expand2_dc4_fc3_ebtimeF_dtTrue_multiseed_h192_0","f162809abf339ba92aafce3e68649bb3e32106ea3fc6c05664bbf7c7e489dc59","NVIDIA GeForce RTX 2080 Ti","local workstation result"
"ETTm2","PFB-Direct","both","block","0.1","11","0.3800216749488311","0.4092408421957453","0.13757372796535491","15226176","long_term_forecast_PFB-Direct_MS2021_ETTm2_192_PFB-Direct_ETTm2_ftM_sl336_ll96_pl192_dm128_nh8_el3_dl1_df512_expand2_dc4_fc3_ebtimeF_dtTrue_multiseed_h192_0","f162809abf339ba92aafce3e68649bb3e32106ea3fc6c05664bbf7c7e489dc59","NVIDIA GeForce RTX 2080 Ti","local workstation result"
"ETTm2","PFB-Direct","both","block","0.1","22","0.38325277947037245","0.4101279591010224","0.13756549463305676","15226176","long_term_forecast_PFB-Direct_MS2021_ETTm2_192_PFB-Direct_ETTm2_ftM_sl336_ll96_pl192_dm128_nh8_el3_dl1_df512_expand2_dc4_fc3_ebtimeF_dtTrue_multiseed_h192_0","f162809abf339ba92aafce3e68649bb3e32106ea3fc6c05664bbf7c7e489dc59","NVIDIA GeForce RTX 2080 Ti","local workstation result"
"ETTm2","PFB-Direct","both","block","0.1","33","0.38021661632481674","0.40902321287013194","0.13757223130111962","15226176","long_term_forecast_PFB-Direct_MS2021_ETTm2_192_PFB-Direct_ETTm2_ftM_sl336_ll96_pl192_dm128_nh8_el3_dl1_df512_expand2_dc4_fc3_ebtimeF_dtTrue_multiseed_h192_0","f162809abf339ba92aafce3e68649bb3e32106ea3fc6c05664bbf7c7e489dc59","NVIDIA GeForce RTX 2080 Ti","local workstation result"
"ETTm2","PFB-Direct","both","block","0.2","11","0.4680143937509429","0.45857279905452275","0.19876389587429208","15226176","long_term_forecast_PFB-Direct_MS2021_ETTm2_192_PFB-Direct_ETTm2_ftM_sl336_ll96_pl192_dm128_nh8_el3_dl1_df512_expand2_dc4_fc3_ebtimeF_dtTrue_multiseed_h192_0","f162809abf339ba92aafce3e68649bb3e32106ea3fc6c05664bbf7c7e489dc59","NVIDIA GeForce RTX 2080 Ti","local workstation result"
"ETTm2","PFB-Direct","both","block","0.2","22","0.46890597738509204","0.4585291652947937","0.1985748528174951","15226176","long_term_forecast_PFB-Direct_MS2021_ETTm2_192_PFB-Direct_ETTm2_ftM_sl336_ll96_pl192_dm128_nh8_el3_dl1_df512_expand2_dc4_fc3_ebtimeF_dtTrue_multiseed_h192_0","f162809abf339ba92aafce3e68649bb3e32106ea3fc6c05664bbf7c7e489dc59","NVIDIA GeForce RTX 2080 Ti","local workstation result"
"ETTm2","PFB-Direct","both","block","0.2","33","0.4663284526109326","0.4575881781069637","0.19867863764225596","15226176","long_term_forecast_PFB-Direct_MS2021_ETTm2_192_PFB-Direct_ETTm2_ftM_sl336_ll96_pl192_dm128_nh8_el3_dl1_df512_expand2_dc4_fc3_ebtimeF_dtTrue_multiseed_h192_0","f162809abf339ba92aafce3e68649bb3e32106ea3fc6c05664bbf7c7e489dc59","NVIDIA GeForce RTX 2080 Ti","local workstation result"
"ETTm2","PFB-Direct","both","block","0.3","11","0.6513917422135176","0.5471412128005155","0.3076129330715663","15226176","long_term_forecast_PFB-Direct_MS2021_ETTm2_192_PFB-Direct_ETTm2_ftM_sl336_ll96_pl192_dm128_nh8_el3_dl1_df512_expand2_dc4_fc3_ebtimeF_dtTrue_multiseed_h192_0","f162809abf339ba92aafce3e68649bb3e32106ea3fc6c05664bbf7c7e489dc59","NVIDIA GeForce RTX 2080 Ti","local workstation result"
"ETTm2","PFB-Direct","both","block","0.3","22","0.6503297777994733","0.5469167685631892","0.3075442554245532","15226176","long_term_forecast_PFB-Direct_MS2021_ETTm2_192_PFB-Direct_ETTm2_ftM_sl336_ll96_pl192_dm128_nh8_el3_dl1_df512_expand2_dc4_fc3_ebtimeF_dtTrue_multiseed_h192_0","f162809abf339ba92aafce3e68649bb3e32106ea3fc6c05664bbf7c7e489dc59","NVIDIA GeForce RTX 2080 Ti","local workstation result"
"ETTm2","PFB-Direct","both","block","0.3","33","0.6493427465242495","0.5466986668058333","0.30749952944231707","15226176","long_term_forecast_PFB-Direct_MS2021_ETTm2_192_PFB-Direct_ETTm2_ftM_sl336_ll96_pl192_dm128_nh8_el3_dl1_df512_expand2_dc4_fc3_ebtimeF_dtTrue_multiseed_h192_0","f162809abf339ba92aafce3e68649bb3e32106ea3fc6c05664bbf7c7e489dc59","NVIDIA GeForce RTX 2080 Ti","local workstation result"
"ETTm2","PFB-Direct","primary-only","clean","0.0","0","0.255268835000341","0.3183348291173569","0.0","15226176","long_term_forecast_PFB-Direct_MS2021_ETTm2_192_PFB-Direct_ETTm2_ftM_sl336_ll96_pl192_dm128_nh8_el3_dl1_df512_expand2_dc4_fc3_ebtimeF_dtTrue_multiseed_h192_0","f162809abf339ba92aafce3e68649bb3e32106ea3fc6c05664bbf7c7e489dc59","NVIDIA GeForce RTX 2080 Ti","local workstation result"
"ETTm2","PFB-Direct","primary-only","gaussian","0.1","11","0.25523291578213037","0.31845017227971933","0.0","15226176","long_term_forecast_PFB-Direct_MS2021_ETTm2_192_PFB-Direct_ETTm2_ftM_sl336_ll96_pl192_dm128_nh8_el3_dl1_df512_expand2_dc4_fc3_ebtimeF_dtTrue_multiseed_h192_0","f162809abf339ba92aafce3e68649bb3e32106ea3fc6c05664bbf7c7e489dc59","NVIDIA GeForce RTX 2080 Ti","local workstation result"
"ETTm2","PFB-Direct","primary-only","gaussian","0.1","22","0.25518138796119016","0.3184036692995203","0.0","15226176","long_term_forecast_PFB-Direct_MS2021_ETTm2_192_PFB-Direct_ETTm2_ftM_sl336_ll96_pl192_dm128_nh8_el3_dl1_df512_expand2_dc4_fc3_ebtimeF_dtTrue_multiseed_h192_0","f162809abf339ba92aafce3e68649bb3e32106ea3fc6c05664bbf7c7e489dc59","NVIDIA GeForce RTX 2080 Ti","local workstation result"
"ETTm2","PFB-Direct","primary-only","gaussian","0.1","33","0.25523090994299086","0.31844126020768343","0.0","15226176","long_term_forecast_PFB-Direct_MS2021_ETTm2_192_PFB-Direct_ETTm2_ftM_sl336_ll96_pl192_dm128_nh8_el3_dl1_df512_expand2_dc4_fc3_ebtimeF_dtTrue_multiseed_h192_0","f162809abf339ba92aafce3e68649bb3e32106ea3fc6c05664bbf7c7e489dc59","NVIDIA GeForce RTX 2080 Ti","local workstation result"
"ETTm2","PFB-Direct","primary-only","gaussian","0.2","11","0.25523329619620067","0.3187885581418604","0.0","15226176","long_term_forecast_PFB-Direct_MS2021_ETTm2_192_PFB-Direct_ETTm2_ftM_sl336_ll96_pl192_dm128_nh8_el3_dl1_df512_expand2_dc4_fc3_ebtimeF_dtTrue_multiseed_h192_0","f162809abf339ba92aafce3e68649bb3e32106ea3fc6c05664bbf7c7e489dc59","NVIDIA GeForce RTX 2080 Ti","local workstation result"
"ETTm2","PFB-Direct","primary-only","gaussian","0.2","22","0.25518849296392326","0.3187315137832606","0.0","15226176","long_term_forecast_PFB-Direct_MS2021_ETTm2_192_PFB-Direct_ETTm2_ftM_sl336_ll96_pl192_dm128_nh8_el3_dl1_df512_expand2_dc4_fc3_ebtimeF_dtTrue_multiseed_h192_0","f162809abf339ba92aafce3e68649bb3e32106ea3fc6c05664bbf7c7e489dc59","NVIDIA GeForce RTX 2080 Ti","local workstation result"
"ETTm2","PFB-Direct","primary-only","gaussian","0.2","33","0.25522624064415994","0.31877698305207763","0.0","15226176","long_term_forecast_PFB-Direct_MS2021_ETTm2_192_PFB-Direct_ETTm2_ftM_sl336_ll96_pl192_dm128_nh8_el3_dl1_df512_expand2_dc4_fc3_ebtimeF_dtTrue_multiseed_h192_0","f162809abf339ba92aafce3e68649bb3e32106ea3fc6c05664bbf7c7e489dc59","NVIDIA GeForce RTX 2080 Ti","local workstation result"
"ETTm2","PFB-Direct","primary-only","gaussian","0.3","11","0.25559949175783736","0.3194545293779386","0.0","15226176","long_term_forecast_PFB-Direct_MS2021_ETTm2_192_PFB-Direct_ETTm2_ftM_sl336_ll96_pl192_dm128_nh8_el3_dl1_df512_expand2_dc4_fc3_ebtimeF_dtTrue_multiseed_h192_0","f162809abf339ba92aafce3e68649bb3e32106ea3fc6c05664bbf7c7e489dc59","NVIDIA GeForce RTX 2080 Ti","local workstation result"
"ETTm2","PFB-Direct","primary-only","gaussian","0.3","22","0.25560079132343744","0.31941983529324225","0.0","15226176","long_term_forecast_PFB-Direct_MS2021_ETTm2_192_PFB-Direct_ETTm2_ftM_sl336_ll96_pl192_dm128_nh8_el3_dl1_df512_expand2_dc4_fc3_ebtimeF_dtTrue_multiseed_h192_0","f162809abf339ba92aafce3e68649bb3e32106ea3fc6c05664bbf7c7e489dc59","NVIDIA GeForce RTX 2080 Ti","local workstation result"
"ETTm2","PFB-Direct","primary-only","gaussian","0.3","33","0.2555717185934292","0.3194389018567741","0.0","15226176","long_term_forecast_PFB-Direct_MS2021_ETTm2_192_PFB-Direct_ETTm2_ftM_sl336_ll96_pl192_dm128_nh8_el3_dl1_df512_expand2_dc4_fc3_ebtimeF_dtTrue_multiseed_h192_0","f162809abf339ba92aafce3e68649bb3e32106ea3fc6c05664bbf7c7e489dc59","NVIDIA GeForce RTX 2080 Ti","local workstation result"
"ETTm2","PFB-Direct","primary-only","mcar","0.1","11","0.28311950582024664","0.3512837158303243","0.09999445720877446","15226176","long_term_forecast_PFB-Direct_MS2021_ETTm2_192_PFB-Direct_ETTm2_ftM_sl336_ll96_pl192_dm128_nh8_el3_dl1_df512_expand2_dc4_fc3_ebtimeF_dtTrue_multiseed_h192_0","f162809abf339ba92aafce3e68649bb3e32106ea3fc6c05664bbf7c7e489dc59","NVIDIA GeForce RTX 2080 Ti","local workstation result"
"ETTm2","PFB-Direct","primary-only","mcar","0.1","22","0.28317005439922394","0.3513095634592283","0.09999445720877446","15226176","long_term_forecast_PFB-Direct_MS2021_ETTm2_192_PFB-Direct_ETTm2_ftM_sl336_ll96_pl192_dm128_nh8_el3_dl1_df512_expand2_dc4_fc3_ebtimeF_dtTrue_multiseed_h192_0","f162809abf339ba92aafce3e68649bb3e32106ea3fc6c05664bbf7c7e489dc59","NVIDIA GeForce RTX 2080 Ti","local workstation result"
"ETTm2","PFB-Direct","primary-only","mcar","0.1","33","0.2832058087450479","0.35145656769173517","0.09999445720877446","15226176","long_term_forecast_PFB-Direct_MS2021_ETTm2_192_PFB-Direct_ETTm2_ftM_sl336_ll96_pl192_dm128_nh8_el3_dl1_df512_expand2_dc4_fc3_ebtimeF_dtTrue_multiseed_h192_0","f162809abf339ba92aafce3e68649bb3e32106ea3fc6c05664bbf7c7e489dc59","NVIDIA GeForce RTX 2080 Ti","local workstation result"
"ETTm2","PFB-Direct","primary-only","mcar","0.2","11","0.340608418404464","0.39769183586793116","0.2000021688115429","15226176","long_term_forecast_PFB-Direct_MS2021_ETTm2_192_PFB-Direct_ETTm2_ftM_sl336_ll96_pl192_dm128_nh8_el3_dl1_df512_expand2_dc4_fc3_ebtimeF_dtTrue_multiseed_h192_0","f162809abf339ba92aafce3e68649bb3e32106ea3fc6c05664bbf7c7e489dc59","NVIDIA GeForce RTX 2080 Ti","local workstation result"
"ETTm2","PFB-Direct","primary-only","mcar","0.2","22","0.34073416893480274","0.3977767224886236","0.2000021688115429","15226176","long_term_forecast_PFB-Direct_MS2021_ETTm2_192_PFB-Direct_ETTm2_ftM_sl336_ll96_pl192_dm128_nh8_el3_dl1_df512_expand2_dc4_fc3_ebtimeF_dtTrue_multiseed_h192_0","f162809abf339ba92aafce3e68649bb3e32106ea3fc6c05664bbf7c7e489dc59","NVIDIA GeForce RTX 2080 Ti","local workstation result"
"ETTm2","PFB-Direct","primary-only","mcar","0.2","33","0.34034416734283124","0.3975704021781037","0.2000021688115429","15226176","long_term_forecast_PFB-Direct_MS2021_ETTm2_192_PFB-Direct_ETTm2_ftM_sl336_ll96_pl192_dm128_nh8_el3_dl1_df512_expand2_dc4_fc3_ebtimeF_dtTrue_multiseed_h192_0","f162809abf339ba92aafce3e68649bb3e32106ea3fc6c05664bbf7c7e489dc59","NVIDIA GeForce RTX 2080 Ti","local workstation result"
"ETTm2","PFB-Direct","primary-only","mcar","0.3","11","0.43981790811577426","0.4633502028333361","0.29999781628729594","15226176","long_term_forecast_PFB-Direct_MS2021_ETTm2_192_PFB-Direct_ETTm2_ftM_sl336_ll96_pl192_dm128_nh8_el3_dl1_df512_expand2_dc4_fc3_ebtimeF_dtTrue_multiseed_h192_0","f162809abf339ba92aafce3e68649bb3e32106ea3fc6c05664bbf7c7e489dc59","NVIDIA GeForce RTX 2080 Ti","local workstation result"
"ETTm2","PFB-Direct","primary-only","mcar","0.3","22","0.4405474069332367","0.4637239533093154","0.29999781628729594","15226176","long_term_forecast_PFB-Direct_MS2021_ETTm2_192_PFB-Direct_ETTm2_ftM_sl336_ll96_pl192_dm128_nh8_el3_dl1_df512_expand2_dc4_fc3_ebtimeF_dtTrue_multiseed_h192_0","f162809abf339ba92aafce3e68649bb3e32106ea3fc6c05664bbf7c7e489dc59","NVIDIA GeForce RTX 2080 Ti","local workstation result"
"ETTm2","PFB-Direct","primary-only","mcar","0.3","33","0.43976759565946894","0.4632741720865657","0.29999781628729594","15226176","long_term_forecast_PFB-Direct_MS2021_ETTm2_192_PFB-Direct_ETTm2_ftM_sl336_ll96_pl192_dm128_nh8_el3_dl1_df512_expand2_dc4_fc3_ebtimeF_dtTrue_multiseed_h192_0","f162809abf339ba92aafce3e68649bb3e32106ea3fc6c05664bbf7c7e489dc59","NVIDIA GeForce RTX 2080 Ti","local workstation result"
"ETTm2","PFB-Direct","primary-only","block","0.1","11","0.3630602347806154","0.4041505732809961","0.13757372796535491","15226176","long_term_forecast_PFB-Direct_MS2021_ETTm2_192_PFB-Direct_ETTm2_ftM_sl336_ll96_pl192_dm128_nh8_el3_dl1_df512_expand2_dc4_fc3_ebtimeF_dtTrue_multiseed_h192_0","f162809abf339ba92aafce3e68649bb3e32106ea3fc6c05664bbf7c7e489dc59","NVIDIA GeForce RTX 2080 Ti","local workstation result"
"ETTm2","PFB-Direct","primary-only","block","0.1","22","0.3658283149384491","0.40515787955056676","0.13756549463305676","15226176","long_term_forecast_PFB-Direct_MS2021_ETTm2_192_PFB-Direct_ETTm2_ftM_sl336_ll96_pl192_dm128_nh8_el3_dl1_df512_expand2_dc4_fc3_ebtimeF_dtTrue_multiseed_h192_0","f162809abf339ba92aafce3e68649bb3e32106ea3fc6c05664bbf7c7e489dc59","NVIDIA GeForce RTX 2080 Ti","local workstation result"
"ETTm2","PFB-Direct","primary-only","block","0.1","33","0.3635815541870472","0.40421663302043676","0.13757223130111962","15226176","long_term_forecast_PFB-Direct_MS2021_ETTm2_192_PFB-Direct_ETTm2_ftM_sl336_ll96_pl192_dm128_nh8_el3_dl1_df512_expand2_dc4_fc3_ebtimeF_dtTrue_multiseed_h192_0","f162809abf339ba92aafce3e68649bb3e32106ea3fc6c05664bbf7c7e489dc59","NVIDIA GeForce RTX 2080 Ti","local workstation result"
"ETTm2","PFB-Direct","primary-only","block","0.2","11","0.43093339132248165","0.4438838320375839","0.19876389587429208","15226176","long_term_forecast_PFB-Direct_MS2021_ETTm2_192_PFB-Direct_ETTm2_ftM_sl336_ll96_pl192_dm128_nh8_el3_dl1_df512_expand2_dc4_fc3_ebtimeF_dtTrue_multiseed_h192_0","f162809abf339ba92aafce3e68649bb3e32106ea3fc6c05664bbf7c7e489dc59","NVIDIA GeForce RTX 2080 Ti","local workstation result"
"ETTm2","PFB-Direct","primary-only","block","0.2","22","0.4323068532874818","0.44420345208699674","0.1985748528174951","15226176","long_term_forecast_PFB-Direct_MS2021_ETTm2_192_PFB-Direct_ETTm2_ftM_sl336_ll96_pl192_dm128_nh8_el3_dl1_df512_expand2_dc4_fc3_ebtimeF_dtTrue_multiseed_h192_0","f162809abf339ba92aafce3e68649bb3e32106ea3fc6c05664bbf7c7e489dc59","NVIDIA GeForce RTX 2080 Ti","local workstation result"
"ETTm2","PFB-Direct","primary-only","block","0.2","33","0.42977563895199666","0.44329387791513764","0.19867863764225596","15226176","long_term_forecast_PFB-Direct_MS2021_ETTm2_192_PFB-Direct_ETTm2_ftM_sl336_ll96_pl192_dm128_nh8_el3_dl1_df512_expand2_dc4_fc3_ebtimeF_dtTrue_multiseed_h192_0","f162809abf339ba92aafce3e68649bb3e32106ea3fc6c05664bbf7c7e489dc59","NVIDIA GeForce RTX 2080 Ti","local workstation result"
"ETTm2","PFB-Direct","primary-only","block","0.3","11","0.587628931951685","0.5230229818380362","0.3076129330715663","15226176","long_term_forecast_PFB-Direct_MS2021_ETTm2_192_PFB-Direct_ETTm2_ftM_sl336_ll96_pl192_dm128_nh8_el3_dl1_df512_expand2_dc4_fc3_ebtimeF_dtTrue_multiseed_h192_0","f162809abf339ba92aafce3e68649bb3e32106ea3fc6c05664bbf7c7e489dc59","NVIDIA GeForce RTX 2080 Ti","local workstation result"
"ETTm2","PFB-Direct","primary-only","block","0.3","22","0.5872208861272401","0.5228772295934402","0.3075442554245532","15226176","long_term_forecast_PFB-Direct_MS2021_ETTm2_192_PFB-Direct_ETTm2_ftM_sl336_ll96_pl192_dm128_nh8_el3_dl1_df512_expand2_dc4_fc3_ebtimeF_dtTrue_multiseed_h192_0","f162809abf339ba92aafce3e68649bb3e32106ea3fc6c05664bbf7c7e489dc59","NVIDIA GeForce RTX 2080 Ti","local workstation result"
"ETTm2","PFB-Direct","primary-only","block","0.3","33","0.5860822396603697","0.5227923135398399","0.30749952944231707","15226176","long_term_forecast_PFB-Direct_MS2021_ETTm2_192_PFB-Direct_ETTm2_ftM_sl336_ll96_pl192_dm128_nh8_el3_dl1_df512_expand2_dc4_fc3_ebtimeF_dtTrue_multiseed_h192_0","f162809abf339ba92aafce3e68649bb3e32106ea3fc6c05664bbf7c7e489dc59","NVIDIA GeForce RTX 2080 Ti","local workstation result"
"ETTm2","PFB-Direct","secondary-only","clean","0.0","0","0.2799630365287965","0.345857697187722","0.0","15226176","long_term_forecast_PFB-Direct_MS2021_ETTm2_192_PFB-Direct_ETTm2_ftM_sl336_ll96_pl192_dm128_nh8_el3_dl1_df512_expand2_dc4_fc3_ebtimeF_dtTrue_multiseed_h192_0","f162809abf339ba92aafce3e68649bb3e32106ea3fc6c05664bbf7c7e489dc59","NVIDIA GeForce RTX 2080 Ti","local workstation result"
"ETTm2","PFB-Direct","secondary-only","gaussian","0.1","11","0.2800822886057982","0.3459235529351646","0.0","15226176","long_term_forecast_PFB-Direct_MS2021_ETTm2_192_PFB-Direct_ETTm2_ftM_sl336_ll96_pl192_dm128_nh8_el3_dl1_df512_expand2_dc4_fc3_ebtimeF_dtTrue_multiseed_h192_0","f162809abf339ba92aafce3e68649bb3e32106ea3fc6c05664bbf7c7e489dc59","NVIDIA GeForce RTX 2080 Ti","local workstation result"
"ETTm2","PFB-Direct","secondary-only","gaussian","0.1","22","0.2801450154647746","0.3459530542652325","0.0","15226176","long_term_forecast_PFB-Direct_MS2021_ETTm2_192_PFB-Direct_ETTm2_ftM_sl336_ll96_pl192_dm128_nh8_el3_dl1_df512_expand2_dc4_fc3_ebtimeF_dtTrue_multiseed_h192_0","f162809abf339ba92aafce3e68649bb3e32106ea3fc6c05664bbf7c7e489dc59","NVIDIA GeForce RTX 2080 Ti","local workstation result"
"ETTm2","PFB-Direct","secondary-only","gaussian","0.1","33","0.28011112080170575","0.34593283767170746","0.0","15226176","long_term_forecast_PFB-Direct_MS2021_ETTm2_192_PFB-Direct_ETTm2_ftM_sl336_ll96_pl192_dm128_nh8_el3_dl1_df512_expand2_dc4_fc3_ebtimeF_dtTrue_multiseed_h192_0","f162809abf339ba92aafce3e68649bb3e32106ea3fc6c05664bbf7c7e489dc59","NVIDIA GeForce RTX 2080 Ti","local workstation result"
"ETTm2","PFB-Direct","secondary-only","gaussian","0.2","11","0.2804744552922905","0.3461413032473662","0.0","15226176","long_term_forecast_PFB-Direct_MS2021_ETTm2_192_PFB-Direct_ETTm2_ftM_sl336_ll96_pl192_dm128_nh8_el3_dl1_df512_expand2_dc4_fc3_ebtimeF_dtTrue_multiseed_h192_0","f162809abf339ba92aafce3e68649bb3e32106ea3fc6c05664bbf7c7e489dc59","NVIDIA GeForce RTX 2080 Ti","local workstation result"
"ETTm2","PFB-Direct","secondary-only","gaussian","0.2","22","0.2806053762765938","0.34620133894344035","0.0","15226176","long_term_forecast_PFB-Direct_MS2021_ETTm2_192_PFB-Direct_ETTm2_ftM_sl336_ll96_pl192_dm128_nh8_el3_dl1_df512_expand2_dc4_fc3_ebtimeF_dtTrue_multiseed_h192_0","f162809abf339ba92aafce3e68649bb3e32106ea3fc6c05664bbf7c7e489dc59","NVIDIA GeForce RTX 2080 Ti","local workstation result"
"ETTm2","PFB-Direct","secondary-only","gaussian","0.2","33","0.28053323499890104","0.34615928955202874","0.0","15226176","long_term_forecast_PFB-Direct_MS2021_ETTm2_192_PFB-Direct_ETTm2_ftM_sl336_ll96_pl192_dm128_nh8_el3_dl1_df512_expand2_dc4_fc3_ebtimeF_dtTrue_multiseed_h192_0","f162809abf339ba92aafce3e68649bb3e32106ea3fc6c05664bbf7c7e489dc59","NVIDIA GeForce RTX 2080 Ti","local workstation result"
"ETTm2","PFB-Direct","secondary-only","gaussian","0.3","11","0.2811459919424934","0.34651930858338403","0.0","15226176","long_term_forecast_PFB-Direct_MS2021_ETTm2_192_PFB-Direct_ETTm2_ftM_sl336_ll96_pl192_dm128_nh8_el3_dl1_df512_expand2_dc4_fc3_ebtimeF_dtTrue_multiseed_h192_0","f162809abf339ba92aafce3e68649bb3e32106ea3fc6c05664bbf7c7e489dc59","NVIDIA GeForce RTX 2080 Ti","local workstation result"
"ETTm2","PFB-Direct","secondary-only","gaussian","0.3","22","0.2813429197661726","0.3466107903901634","0.0","15226176","long_term_forecast_PFB-Direct_MS2021_ETTm2_192_PFB-Direct_ETTm2_ftM_sl336_ll96_pl192_dm128_nh8_el3_dl1_df512_expand2_dc4_fc3_ebtimeF_dtTrue_multiseed_h192_0","f162809abf339ba92aafce3e68649bb3e32106ea3fc6c05664bbf7c7e489dc59","NVIDIA GeForce RTX 2080 Ti","local workstation result"
"ETTm2","PFB-Direct","secondary-only","gaussian","0.3","33","0.281231979702684","0.346545008666935","0.0","15226176","long_term_forecast_PFB-Direct_MS2021_ETTm2_192_PFB-Direct_ETTm2_ftM_sl336_ll96_pl192_dm128_nh8_el3_dl1_df512_expand2_dc4_fc3_ebtimeF_dtTrue_multiseed_h192_0","f162809abf339ba92aafce3e68649bb3e32106ea3fc6c05664bbf7c7e489dc59","NVIDIA GeForce RTX 2080 Ti","local workstation result"
"ETTm2","PFB-Direct","secondary-only","mcar","0.1","11","0.3442933054518589","0.4078946863368958","0.09999445720877446","15226176","long_term_forecast_PFB-Direct_MS2021_ETTm2_192_PFB-Direct_ETTm2_ftM_sl336_ll96_pl192_dm128_nh8_el3_dl1_df512_expand2_dc4_fc3_ebtimeF_dtTrue_multiseed_h192_0","f162809abf339ba92aafce3e68649bb3e32106ea3fc6c05664bbf7c7e489dc59","NVIDIA GeForce RTX 2080 Ti","local workstation result"
"ETTm2","PFB-Direct","secondary-only","mcar","0.1","22","0.3445685188446071","0.4081287014643696","0.09999445720877446","15226176","long_term_forecast_PFB-Direct_MS2021_ETTm2_192_PFB-Direct_ETTm2_ftM_sl336_ll96_pl192_dm128_nh8_el3_dl1_df512_expand2_dc4_fc3_ebtimeF_dtTrue_multiseed_h192_0","f162809abf339ba92aafce3e68649bb3e32106ea3fc6c05664bbf7c7e489dc59","NVIDIA GeForce RTX 2080 Ti","local workstation result"
"ETTm2","PFB-Direct","secondary-only","mcar","0.1","33","0.344535358923925","0.40798491399113773","0.09999445720877446","15226176","long_term_forecast_PFB-Direct_MS2021_ETTm2_192_PFB-Direct_ETTm2_ftM_sl336_ll96_pl192_dm128_nh8_el3_dl1_df512_expand2_dc4_fc3_ebtimeF_dtTrue_multiseed_h192_0","f162809abf339ba92aafce3e68649bb3e32106ea3fc6c05664bbf7c7e489dc59","NVIDIA GeForce RTX 2080 Ti","local workstation result"
"ETTm2","PFB-Direct","secondary-only","mcar","0.2","11","0.47412807798761825","0.4937568000415305","0.2000021688115429","15226176","long_term_forecast_PFB-Direct_MS2021_ETTm2_192_PFB-Direct_ETTm2_ftM_sl336_ll96_pl192_dm128_nh8_el3_dl1_df512_expand2_dc4_fc3_ebtimeF_dtTrue_multiseed_h192_0","f162809abf339ba92aafce3e68649bb3e32106ea3fc6c05664bbf7c7e489dc59","NVIDIA GeForce RTX 2080 Ti","local workstation result"
"ETTm2","PFB-Direct","secondary-only","mcar","0.2","22","0.4752782173586136","0.4942688120920744","0.2000021688115429","15226176","long_term_forecast_PFB-Direct_MS2021_ETTm2_192_PFB-Direct_ETTm2_ftM_sl336_ll96_pl192_dm128_nh8_el3_dl1_df512_expand2_dc4_fc3_ebtimeF_dtTrue_multiseed_h192_0","f162809abf339ba92aafce3e68649bb3e32106ea3fc6c05664bbf7c7e489dc59","NVIDIA GeForce RTX 2080 Ti","local workstation result"
"ETTm2","PFB-Direct","secondary-only","mcar","0.2","33","0.47452903158964577","0.4938829546134393","0.2000021688115429","15226176","long_term_forecast_PFB-Direct_MS2021_ETTm2_192_PFB-Direct_ETTm2_ftM_sl336_ll96_pl192_dm128_nh8_el3_dl1_df512_expand2_dc4_fc3_ebtimeF_dtTrue_multiseed_h192_0","f162809abf339ba92aafce3e68649bb3e32106ea3fc6c05664bbf7c7e489dc59","NVIDIA GeForce RTX 2080 Ti","local workstation result"
"ETTm2","PFB-Direct","secondary-only","mcar","0.3","11","0.6616790199293414","0.5935462330708979","0.29999781628729594","15226176","long_term_forecast_PFB-Direct_MS2021_ETTm2_192_PFB-Direct_ETTm2_ftM_sl336_ll96_pl192_dm128_nh8_el3_dl1_df512_expand2_dc4_fc3_ebtimeF_dtTrue_multiseed_h192_0","f162809abf339ba92aafce3e68649bb3e32106ea3fc6c05664bbf7c7e489dc59","NVIDIA GeForce RTX 2080 Ti","local workstation result"
"ETTm2","PFB-Direct","secondary-only","mcar","0.3","22","0.6628229483695302","0.5940552677017144","0.29999781628729594","15226176","long_term_forecast_PFB-Direct_MS2021_ETTm2_192_PFB-Direct_ETTm2_ftM_sl336_ll96_pl192_dm128_nh8_el3_dl1_df512_expand2_dc4_fc3_ebtimeF_dtTrue_multiseed_h192_0","f162809abf339ba92aafce3e68649bb3e32106ea3fc6c05664bbf7c7e489dc59","NVIDIA GeForce RTX 2080 Ti","local workstation result"
"ETTm2","PFB-Direct","secondary-only","mcar","0.3","33","0.6622938648095427","0.5937663587279947","0.29999781628729594","15226176","long_term_forecast_PFB-Direct_MS2021_ETTm2_192_PFB-Direct_ETTm2_ftM_sl336_ll96_pl192_dm128_nh8_el3_dl1_df512_expand2_dc4_fc3_ebtimeF_dtTrue_multiseed_h192_0","f162809abf339ba92aafce3e68649bb3e32106ea3fc6c05664bbf7c7e489dc59","NVIDIA GeForce RTX 2080 Ti","local workstation result"
"ETTm2","PFB-Direct","secondary-only","block","0.1","11","0.3817977507443143","0.4351412737524218","0.13757372796535491","15226176","long_term_forecast_PFB-Direct_MS2021_ETTm2_192_PFB-Direct_ETTm2_ftM_sl336_ll96_pl192_dm128_nh8_el3_dl1_df512_expand2_dc4_fc3_ebtimeF_dtTrue_multiseed_h192_0","f162809abf339ba92aafce3e68649bb3e32106ea3fc6c05664bbf7c7e489dc59","NVIDIA GeForce RTX 2080 Ti","local workstation result"
"ETTm2","PFB-Direct","secondary-only","block","0.1","22","0.3826848600784093","0.4354199783680643","0.13756549463305676","15226176","long_term_forecast_PFB-Direct_MS2021_ETTm2_192_PFB-Direct_ETTm2_ftM_sl336_ll96_pl192_dm128_nh8_el3_dl1_df512_expand2_dc4_fc3_ebtimeF_dtTrue_multiseed_h192_0","f162809abf339ba92aafce3e68649bb3e32106ea3fc6c05664bbf7c7e489dc59","NVIDIA GeForce RTX 2080 Ti","local workstation result"
"ETTm2","PFB-Direct","secondary-only","block","0.1","33","0.3826153143492594","0.4353492998006656","0.13757223130111962","15226176","long_term_forecast_PFB-Direct_MS2021_ETTm2_192_PFB-Direct_ETTm2_ftM_sl336_ll96_pl192_dm128_nh8_el3_dl1_df512_expand2_dc4_fc3_ebtimeF_dtTrue_multiseed_h192_0","f162809abf339ba92aafce3e68649bb3e32106ea3fc6c05664bbf7c7e489dc59","NVIDIA GeForce RTX 2080 Ti","local workstation result"
"ETTm2","PFB-Direct","secondary-only","block","0.2","11","0.4640680033637025","0.4875030816296585","0.19876389587429208","15226176","long_term_forecast_PFB-Direct_MS2021_ETTm2_192_PFB-Direct_ETTm2_ftM_sl336_ll96_pl192_dm128_nh8_el3_dl1_df512_expand2_dc4_fc3_ebtimeF_dtTrue_multiseed_h192_0","f162809abf339ba92aafce3e68649bb3e32106ea3fc6c05664bbf7c7e489dc59","NVIDIA GeForce RTX 2080 Ti","local workstation result"
"ETTm2","PFB-Direct","secondary-only","block","0.2","22","0.4648494155291034","0.4875928056394462","0.1985748528174951","15226176","long_term_forecast_PFB-Direct_MS2021_ETTm2_192_PFB-Direct_ETTm2_ftM_sl336_ll96_pl192_dm128_nh8_el3_dl1_df512_expand2_dc4_fc3_ebtimeF_dtTrue_multiseed_h192_0","f162809abf339ba92aafce3e68649bb3e32106ea3fc6c05664bbf7c7e489dc59","NVIDIA GeForce RTX 2080 Ti","local workstation result"
"ETTm2","PFB-Direct","secondary-only","block","0.2","33","0.46457543790660355","0.48739648834867705","0.19867863764225596","15226176","long_term_forecast_PFB-Direct_MS2021_ETTm2_192_PFB-Direct_ETTm2_ftM_sl336_ll96_pl192_dm128_nh8_el3_dl1_df512_expand2_dc4_fc3_ebtimeF_dtTrue_multiseed_h192_0","f162809abf339ba92aafce3e68649bb3e32106ea3fc6c05664bbf7c7e489dc59","NVIDIA GeForce RTX 2080 Ti","local workstation result"
"ETTm2","PFB-Direct","secondary-only","block","0.3","11","0.6568001272532974","0.5901784211225178","0.3076129330715663","15226176","long_term_forecast_PFB-Direct_MS2021_ETTm2_192_PFB-Direct_ETTm2_ftM_sl336_ll96_pl192_dm128_nh8_el3_dl1_df512_expand2_dc4_fc3_ebtimeF_dtTrue_multiseed_h192_0","f162809abf339ba92aafce3e68649bb3e32106ea3fc6c05664bbf7c7e489dc59","NVIDIA GeForce RTX 2080 Ti","local workstation result"
"ETTm2","PFB-Direct","secondary-only","block","0.3","22","0.656775283630285","0.5900765420413355","0.3075442554245532","15226176","long_term_forecast_PFB-Direct_MS2021_ETTm2_192_PFB-Direct_ETTm2_ftM_sl336_ll96_pl192_dm128_nh8_el3_dl1_df512_expand2_dc4_fc3_ebtimeF_dtTrue_multiseed_h192_0","f162809abf339ba92aafce3e68649bb3e32106ea3fc6c05664bbf7c7e489dc59","NVIDIA GeForce RTX 2080 Ti","local workstation result"
"ETTm2","PFB-Direct","secondary-only","block","0.3","33","0.6562348255912861","0.5897371189502943","0.30749952944231707","15226176","long_term_forecast_PFB-Direct_MS2021_ETTm2_192_PFB-Direct_ETTm2_ftM_sl336_ll96_pl192_dm128_nh8_el3_dl1_df512_expand2_dc4_fc3_ebtimeF_dtTrue_multiseed_h192_0","f162809abf339ba92aafce3e68649bb3e32106ea3fc6c05664bbf7c7e489dc59","NVIDIA GeForce RTX 2080 Ti","local workstation result"
"ETTm2","PFB-Projected","both","clean","0.0","0","0.23469648536620974","0.30013162170016416","0.0","15226176","long_term_forecast_PFB-Projected_H192_ETTm2_192_PFB-Projected_ETTm2_ftM_sl336_ll96_pl192_dm128_nh8_el3_dl1_df512_expand2_dc4_fc3_ebtimeF_dtTrue_PFB_100_0","5db8ab37b9558ebdef0072d43e1c8fbdb2e248f51b356fee7cd0fbc2c4b63680","NVIDIA GeForce RTX 2080 Ti","local workstation result"
"ETTm2","PFB-Projected","both","gaussian","0.1","11","0.2348096455788891","0.3002913548746163","0.0","15226176","long_term_forecast_PFB-Projected_H192_ETTm2_192_PFB-Projected_ETTm2_ftM_sl336_ll96_pl192_dm128_nh8_el3_dl1_df512_expand2_dc4_fc3_ebtimeF_dtTrue_PFB_100_0","5db8ab37b9558ebdef0072d43e1c8fbdb2e248f51b356fee7cd0fbc2c4b63680","NVIDIA GeForce RTX 2080 Ti","local workstation result"
"ETTm2","PFB-Projected","both","gaussian","0.1","22","0.23476556228636028","0.30028340515945423","0.0","15226176","long_term_forecast_PFB-Projected_H192_ETTm2_192_PFB-Projected_ETTm2_ftM_sl336_ll96_pl192_dm128_nh8_el3_dl1_df512_expand2_dc4_fc3_ebtimeF_dtTrue_PFB_100_0","5db8ab37b9558ebdef0072d43e1c8fbdb2e248f51b356fee7cd0fbc2c4b63680","NVIDIA GeForce RTX 2080 Ti","local workstation result"
"ETTm2","PFB-Projected","both","gaussian","0.1","33","0.23487351404686027","0.3003076682115953","0.0","15226176","long_term_forecast_PFB-Projected_H192_ETTm2_192_PFB-Projected_ETTm2_ftM_sl336_ll96_pl192_dm128_nh8_el3_dl1_df512_expand2_dc4_fc3_ebtimeF_dtTrue_PFB_100_0","5db8ab37b9558ebdef0072d43e1c8fbdb2e248f51b356fee7cd0fbc2c4b63680","NVIDIA GeForce RTX 2080 Ti","local workstation result"
"ETTm2","PFB-Projected","both","gaussian","0.2","11","0.2351376117026141","0.3007859849882308","0.0","15226176","long_term_forecast_PFB-Projected_H192_ETTm2_192_PFB-Projected_ETTm2_ftM_sl336_ll96_pl192_dm128_nh8_el3_dl1_df512_expand2_dc4_fc3_ebtimeF_dtTrue_PFB_100_0","5db8ab37b9558ebdef0072d43e1c8fbdb2e248f51b356fee7cd0fbc2c4b63680","NVIDIA GeForce RTX 2080 Ti","local workstation result"
"ETTm2","PFB-Projected","both","gaussian","0.2","22","0.2350785995862673","0.30077438893163505","0.0","15226176","long_term_forecast_PFB-Projected_H192_ETTm2_192_PFB-Projected_ETTm2_ftM_sl336_ll96_pl192_dm128_nh8_el3_dl1_df512_expand2_dc4_fc3_ebtimeF_dtTrue_PFB_100_0","5db8ab37b9558ebdef0072d43e1c8fbdb2e248f51b356fee7cd0fbc2c4b63680","NVIDIA GeForce RTX 2080 Ti","local workstation result"
"ETTm2","PFB-Projected","both","gaussian","0.2","33","0.23525277438523184","0.30081220966100186","0.0","15226176","long_term_forecast_PFB-Projected_H192_ETTm2_192_PFB-Projected_ETTm2_ftM_sl336_ll96_pl192_dm128_nh8_el3_dl1_df512_expand2_dc4_fc3_ebtimeF_dtTrue_PFB_100_0","5db8ab37b9558ebdef0072d43e1c8fbdb2e248f51b356fee7cd0fbc2c4b63680","NVIDIA GeForce RTX 2080 Ti","local workstation result"
"ETTm2","PFB-Projected","both","gaussian","0.3","11","0.2358281172556157","0.30166088880010106","0.0","15226176","long_term_forecast_PFB-Projected_H192_ETTm2_192_PFB-Projected_ETTm2_ftM_sl336_ll96_pl192_dm128_nh8_el3_dl1_df512_expand2_dc4_fc3_ebtimeF_dtTrue_PFB_100_0","5db8ab37b9558ebdef0072d43e1c8fbdb2e248f51b356fee7cd0fbc2c4b63680","NVIDIA GeForce RTX 2080 Ti","local workstation result"
"ETTm2","PFB-Projected","both","gaussian","0.3","22","0.23582041350716562","0.30166822075690986","0.0","15226176","long_term_forecast_PFB-Projected_H192_ETTm2_192_PFB-Projected_ETTm2_ftM_sl336_ll96_pl192_dm128_nh8_el3_dl1_df512_expand2_dc4_fc3_ebtimeF_dtTrue_PFB_100_0","5db8ab37b9558ebdef0072d43e1c8fbdb2e248f51b356fee7cd0fbc2c4b63680","NVIDIA GeForce RTX 2080 Ti","local workstation result"
"ETTm2","PFB-Projected","both","gaussian","0.3","33","0.23601971132630642","0.30172240200810524","0.0","15226176","long_term_forecast_PFB-Projected_H192_ETTm2_192_PFB-Projected_ETTm2_ftM_sl336_ll96_pl192_dm128_nh8_el3_dl1_df512_expand2_dc4_fc3_ebtimeF_dtTrue_PFB_100_0","5db8ab37b9558ebdef0072d43e1c8fbdb2e248f51b356fee7cd0fbc2c4b63680","NVIDIA GeForce RTX 2080 Ti","local workstation result"
"ETTm2","PFB-Projected","both","mcar","0.1","11","0.2920255672836017","0.35204336616351567","0.09999445720877446","15226176","long_term_forecast_PFB-Projected_H192_ETTm2_192_PFB-Projected_ETTm2_ftM_sl336_ll96_pl192_dm128_nh8_el3_dl1_df512_expand2_dc4_fc3_ebtimeF_dtTrue_PFB_100_0","5db8ab37b9558ebdef0072d43e1c8fbdb2e248f51b356fee7cd0fbc2c4b63680","NVIDIA GeForce RTX 2080 Ti","local workstation result"
"ETTm2","PFB-Projected","both","mcar","0.1","22","0.29177791556223126","0.3520638716304585","0.09999445720877446","15226176","long_term_forecast_PFB-Projected_H192_ETTm2_192_PFB-Projected_ETTm2_ftM_sl336_ll96_pl192_dm128_nh8_el3_dl1_df512_expand2_dc4_fc3_ebtimeF_dtTrue_PFB_100_0","5db8ab37b9558ebdef0072d43e1c8fbdb2e248f51b356fee7cd0fbc2c4b63680","NVIDIA GeForce RTX 2080 Ti","local workstation result"
"ETTm2","PFB-Projected","both","mcar","0.1","33","0.2923912963872639","0.3525241801795751","0.09999445720877446","15226176","long_term_forecast_PFB-Projected_H192_ETTm2_192_PFB-Projected_ETTm2_ftM_sl336_ll96_pl192_dm128_nh8_el3_dl1_df512_expand2_dc4_fc3_ebtimeF_dtTrue_PFB_100_0","5db8ab37b9558ebdef0072d43e1c8fbdb2e248f51b356fee7cd0fbc2c4b63680","NVIDIA GeForce RTX 2080 Ti","local workstation result"
"ETTm2","PFB-Projected","both","mcar","0.2","11","0.3760376918355422","0.4168381565170109","0.2000021688115429","15226176","long_term_forecast_PFB-Projected_H192_ETTm2_192_PFB-Projected_ETTm2_ftM_sl336_ll96_pl192_dm128_nh8_el3_dl1_df512_expand2_dc4_fc3_ebtimeF_dtTrue_PFB_100_0","5db8ab37b9558ebdef0072d43e1c8fbdb2e248f51b356fee7cd0fbc2c4b63680","NVIDIA GeForce RTX 2080 Ti","local workstation result"
"ETTm2","PFB-Projected","both","mcar","0.2","22","0.3757286153311609","0.4169077153752219","0.2000021688115429","15226176","long_term_forecast_PFB-Projected_H192_ETTm2_192_PFB-Projected_ETTm2_ftM_sl336_ll96_pl192_dm128_nh8_el3_dl1_df512_expand2_dc4_fc3_ebtimeF_dtTrue_PFB_100_0","5db8ab37b9558ebdef0072d43e1c8fbdb2e248f51b356fee7cd0fbc2c4b63680","NVIDIA GeForce RTX 2080 Ti","local workstation result"
"ETTm2","PFB-Projected","both","mcar","0.2","33","0.37563248169789487","0.4167691951638651","0.2000021688115429","15226176","long_term_forecast_PFB-Projected_H192_ETTm2_192_PFB-Projected_ETTm2_ftM_sl336_ll96_pl192_dm128_nh8_el3_dl1_df512_expand2_dc4_fc3_ebtimeF_dtTrue_PFB_100_0","5db8ab37b9558ebdef0072d43e1c8fbdb2e248f51b356fee7cd0fbc2c4b63680","NVIDIA GeForce RTX 2080 Ti","local workstation result"
"ETTm2","PFB-Projected","both","mcar","0.3","11","0.4956116015177464","0.49432061258079557","0.29999781628729594","15226176","long_term_forecast_PFB-Projected_H192_ETTm2_192_PFB-Projected_ETTm2_ftM_sl336_ll96_pl192_dm128_nh8_el3_dl1_df512_expand2_dc4_fc3_ebtimeF_dtTrue_PFB_100_0","5db8ab37b9558ebdef0072d43e1c8fbdb2e248f51b356fee7cd0fbc2c4b63680","NVIDIA GeForce RTX 2080 Ti","local workstation result"
"ETTm2","PFB-Projected","both","mcar","0.3","22","0.49665655544878073","0.495010039493387","0.29999781628729594","15226176","long_term_forecast_PFB-Projected_H192_ETTm2_192_PFB-Projected_ETTm2_ftM_sl336_ll96_pl192_dm128_nh8_el3_dl1_df512_expand2_dc4_fc3_ebtimeF_dtTrue_PFB_100_0","5db8ab37b9558ebdef0072d43e1c8fbdb2e248f51b356fee7cd0fbc2c4b63680","NVIDIA GeForce RTX 2080 Ti","local workstation result"
"ETTm2","PFB-Projected","both","mcar","0.3","33","0.49505627882408015","0.49426315731996223","0.29999781628729594","15226176","long_term_forecast_PFB-Projected_H192_ETTm2_192_PFB-Projected_ETTm2_ftM_sl336_ll96_pl192_dm128_nh8_el3_dl1_df512_expand2_dc4_fc3_ebtimeF_dtTrue_PFB_100_0","5db8ab37b9558ebdef0072d43e1c8fbdb2e248f51b356fee7cd0fbc2c4b63680","NVIDIA GeForce RTX 2080 Ti","local workstation result"
"ETTm2","PFB-Projected","both","block","0.1","11","0.45653316704051555","0.44815309460711716","0.13757372796535491","15226176","long_term_forecast_PFB-Projected_H192_ETTm2_192_PFB-Projected_ETTm2_ftM_sl336_ll96_pl192_dm128_nh8_el3_dl1_df512_expand2_dc4_fc3_ebtimeF_dtTrue_PFB_100_0","5db8ab37b9558ebdef0072d43e1c8fbdb2e248f51b356fee7cd0fbc2c4b63680","NVIDIA GeForce RTX 2080 Ti","local workstation result"
"ETTm2","PFB-Projected","both","block","0.1","22","0.45960661933327174","0.44879732704822406","0.13756549463305676","15226176","long_term_forecast_PFB-Projected_H192_ETTm2_192_PFB-Projected_ETTm2_ftM_sl336_ll96_pl192_dm128_nh8_el3_dl1_df512_expand2_dc4_fc3_ebtimeF_dtTrue_PFB_100_0","5db8ab37b9558ebdef0072d43e1c8fbdb2e248f51b356fee7cd0fbc2c4b63680","NVIDIA GeForce RTX 2080 Ti","local workstation result"
"ETTm2","PFB-Projected","both","block","0.1","33","0.4566350822970165","0.4479508759431681","0.13757223130111962","15226176","long_term_forecast_PFB-Projected_H192_ETTm2_192_PFB-Projected_ETTm2_ftM_sl336_ll96_pl192_dm128_nh8_el3_dl1_df512_expand2_dc4_fc3_ebtimeF_dtTrue_PFB_100_0","5db8ab37b9558ebdef0072d43e1c8fbdb2e248f51b356fee7cd0fbc2c4b63680","NVIDIA GeForce RTX 2080 Ti","local workstation result"
"ETTm2","PFB-Projected","both","block","0.2","11","0.5785527708894114","0.5046078888575436","0.19876389587429208","15226176","long_term_forecast_PFB-Projected_H192_ETTm2_192_PFB-Projected_ETTm2_ftM_sl336_ll96_pl192_dm128_nh8_el3_dl1_df512_expand2_dc4_fc3_ebtimeF_dtTrue_PFB_100_0","5db8ab37b9558ebdef0072d43e1c8fbdb2e248f51b356fee7cd0fbc2c4b63680","NVIDIA GeForce RTX 2080 Ti","local workstation result"
"ETTm2","PFB-Projected","both","block","0.2","22","0.5771376676542893","0.5036599028088407","0.1985748528174951","15226176","long_term_forecast_PFB-Projected_H192_ETTm2_192_PFB-Projected_ETTm2_ftM_sl336_ll96_pl192_dm128_nh8_el3_dl1_df512_expand2_dc4_fc3_ebtimeF_dtTrue_PFB_100_0","5db8ab37b9558ebdef0072d43e1c8fbdb2e248f51b356fee7cd0fbc2c4b63680","NVIDIA GeForce RTX 2080 Ti","local workstation result"
"ETTm2","PFB-Projected","both","block","0.2","33","0.5756656879894869","0.503517906517956","0.19867863764225596","15226176","long_term_forecast_PFB-Projected_H192_ETTm2_192_PFB-Projected_ETTm2_ftM_sl336_ll96_pl192_dm128_nh8_el3_dl1_df512_expand2_dc4_fc3_ebtimeF_dtTrue_PFB_100_0","5db8ab37b9558ebdef0072d43e1c8fbdb2e248f51b356fee7cd0fbc2c4b63680","NVIDIA GeForce RTX 2080 Ti","local workstation result"
"ETTm2","PFB-Projected","both","block","0.3","11","0.7462562285061309","0.5708690754532264","0.3076129330715663","15226176","long_term_forecast_PFB-Projected_H192_ETTm2_192_PFB-Projected_ETTm2_ftM_sl336_ll96_pl192_dm128_nh8_el3_dl1_df512_expand2_dc4_fc3_ebtimeF_dtTrue_PFB_100_0","5db8ab37b9558ebdef0072d43e1c8fbdb2e248f51b356fee7cd0fbc2c4b63680","NVIDIA GeForce RTX 2080 Ti","local workstation result"
"ETTm2","PFB-Projected","both","block","0.3","22","0.7463729372191252","0.5708677615389585","0.3075442554245532","15226176","long_term_forecast_PFB-Projected_H192_ETTm2_192_PFB-Projected_ETTm2_ftM_sl336_ll96_pl192_dm128_nh8_el3_dl1_df512_expand2_dc4_fc3_ebtimeF_dtTrue_PFB_100_0","5db8ab37b9558ebdef0072d43e1c8fbdb2e248f51b356fee7cd0fbc2c4b63680","NVIDIA GeForce RTX 2080 Ti","local workstation result"
"ETTm2","PFB-Projected","both","block","0.3","33","0.7456769954621637","0.5709500766695289","0.30749952944231707","15226176","long_term_forecast_PFB-Projected_H192_ETTm2_192_PFB-Projected_ETTm2_ftM_sl336_ll96_pl192_dm128_nh8_el3_dl1_df512_expand2_dc4_fc3_ebtimeF_dtTrue_PFB_100_0","5db8ab37b9558ebdef0072d43e1c8fbdb2e248f51b356fee7cd0fbc2c4b63680","NVIDIA GeForce RTX 2080 Ti","local workstation result"
"ETTm2","PFB-Projected","primary-only","clean","0.0","0","0.24147115121449095","0.3115569259358273","0.0","15226176","long_term_forecast_PFB-Projected_H192_ETTm2_192_PFB-Projected_ETTm2_ftM_sl336_ll96_pl192_dm128_nh8_el3_dl1_df512_expand2_dc4_fc3_ebtimeF_dtTrue_PFB_100_0","5db8ab37b9558ebdef0072d43e1c8fbdb2e248f51b356fee7cd0fbc2c4b63680","NVIDIA GeForce RTX 2080 Ti","local workstation result"
"ETTm2","PFB-Projected","primary-only","gaussian","0.1","11","0.24152130277490874","0.3116309243227748","0.0","15226176","long_term_forecast_PFB-Projected_H192_ETTm2_192_PFB-Projected_ETTm2_ftM_sl336_ll96_pl192_dm128_nh8_el3_dl1_df512_expand2_dc4_fc3_ebtimeF_dtTrue_PFB_100_0","5db8ab37b9558ebdef0072d43e1c8fbdb2e248f51b356fee7cd0fbc2c4b63680","NVIDIA GeForce RTX 2080 Ti","local workstation result"
"ETTm2","PFB-Projected","primary-only","gaussian","0.1","22","0.24138175680115956","0.31157149926383354","0.0","15226176","long_term_forecast_PFB-Projected_H192_ETTm2_192_PFB-Projected_ETTm2_ftM_sl336_ll96_pl192_dm128_nh8_el3_dl1_df512_expand2_dc4_fc3_ebtimeF_dtTrue_PFB_100_0","5db8ab37b9558ebdef0072d43e1c8fbdb2e248f51b356fee7cd0fbc2c4b63680","NVIDIA GeForce RTX 2080 Ti","local workstation result"
"ETTm2","PFB-Projected","primary-only","gaussian","0.1","33","0.24152542261887344","0.3116008220322563","0.0","15226176","long_term_forecast_PFB-Projected_H192_ETTm2_192_PFB-Projected_ETTm2_ftM_sl336_ll96_pl192_dm128_nh8_el3_dl1_df512_expand2_dc4_fc3_ebtimeF_dtTrue_PFB_100_0","5db8ab37b9558ebdef0072d43e1c8fbdb2e248f51b356fee7cd0fbc2c4b63680","NVIDIA GeForce RTX 2080 Ti","local workstation result"
"ETTm2","PFB-Projected","primary-only","gaussian","0.2","11","0.24159932638809167","0.31182748834889873","0.0","15226176","long_term_forecast_PFB-Projected_H192_ETTm2_192_PFB-Projected_ETTm2_ftM_sl336_ll96_pl192_dm128_nh8_el3_dl1_df512_expand2_dc4_fc3_ebtimeF_dtTrue_PFB_100_0","5db8ab37b9558ebdef0072d43e1c8fbdb2e248f51b356fee7cd0fbc2c4b63680","NVIDIA GeForce RTX 2080 Ti","local workstation result"
"ETTm2","PFB-Projected","primary-only","gaussian","0.2","22","0.24133664893878723","0.31171507133668375","0.0","15226176","long_term_forecast_PFB-Projected_H192_ETTm2_192_PFB-Projected_ETTm2_ftM_sl336_ll96_pl192_dm128_nh8_el3_dl1_df512_expand2_dc4_fc3_ebtimeF_dtTrue_PFB_100_0","5db8ab37b9558ebdef0072d43e1c8fbdb2e248f51b356fee7cd0fbc2c4b63680","NVIDIA GeForce RTX 2080 Ti","local workstation result"
"ETTm2","PFB-Projected","primary-only","gaussian","0.2","33","0.24162612701085773","0.31178176226919213","0.0","15226176","long_term_forecast_PFB-Projected_H192_ETTm2_192_PFB-Projected_ETTm2_ftM_sl336_ll96_pl192_dm128_nh8_el3_dl1_df512_expand2_dc4_fc3_ebtimeF_dtTrue_PFB_100_0","5db8ab37b9558ebdef0072d43e1c8fbdb2e248f51b356fee7cd0fbc2c4b63680","NVIDIA GeForce RTX 2080 Ti","local workstation result"
"ETTm2","PFB-Projected","primary-only","gaussian","0.3","11","0.24183040879036488","0.31222563384908686","0.0","15226176","long_term_forecast_PFB-Projected_H192_ETTm2_192_PFB-Projected_ETTm2_ftM_sl336_ll96_pl192_dm128_nh8_el3_dl1_df512_expand2_dc4_fc3_ebtimeF_dtTrue_PFB_100_0","5db8ab37b9558ebdef0072d43e1c8fbdb2e248f51b356fee7cd0fbc2c4b63680","NVIDIA GeForce RTX 2080 Ti","local workstation result"
"ETTm2","PFB-Projected","primary-only","gaussian","0.3","22","0.24145866558057522","0.31205702044265154","0.0","15226176","long_term_forecast_PFB-Projected_H192_ETTm2_192_PFB-Projected_ETTm2_ftM_sl336_ll96_pl192_dm128_nh8_el3_dl1_df512_expand2_dc4_fc3_ebtimeF_dtTrue_PFB_100_0","5db8ab37b9558ebdef0072d43e1c8fbdb2e248f51b356fee7cd0fbc2c4b63680","NVIDIA GeForce RTX 2080 Ti","local workstation result"
"ETTm2","PFB-Projected","primary-only","gaussian","0.3","33","0.2418836333016918","0.31216679998171687","0.0","15226176","long_term_forecast_PFB-Projected_H192_ETTm2_192_PFB-Projected_ETTm2_ftM_sl336_ll96_pl192_dm128_nh8_el3_dl1_df512_expand2_dc4_fc3_ebtimeF_dtTrue_PFB_100_0","5db8ab37b9558ebdef0072d43e1c8fbdb2e248f51b356fee7cd0fbc2c4b63680","NVIDIA GeForce RTX 2080 Ti","local workstation result"
"ETTm2","PFB-Projected","primary-only","mcar","0.1","11","0.3559237108112378","0.38142761277946224","0.09999445720877446","15226176","long_term_forecast_PFB-Projected_H192_ETTm2_192_PFB-Projected_ETTm2_ftM_sl336_ll96_pl192_dm128_nh8_el3_dl1_df512_expand2_dc4_fc3_ebtimeF_dtTrue_PFB_100_0","5db8ab37b9558ebdef0072d43e1c8fbdb2e248f51b356fee7cd0fbc2c4b63680","NVIDIA GeForce RTX 2080 Ti","local workstation result"
"ETTm2","PFB-Projected","primary-only","mcar","0.1","22","0.3543476283774993","0.38134699583848286","0.09999445720877446","15226176","long_term_forecast_PFB-Projected_H192_ETTm2_192_PFB-Projected_ETTm2_ftM_sl336_ll96_pl192_dm128_nh8_el3_dl1_df512_expand2_dc4_fc3_ebtimeF_dtTrue_PFB_100_0","5db8ab37b9558ebdef0072d43e1c8fbdb2e248f51b356fee7cd0fbc2c4b63680","NVIDIA GeForce RTX 2080 Ti","local workstation result"
"ETTm2","PFB-Projected","primary-only","mcar","0.1","33","0.3559662602113328","0.38189407579670615","0.09999445720877446","15226176","long_term_forecast_PFB-Projected_H192_ETTm2_192_PFB-Projected_ETTm2_ftM_sl336_ll96_pl192_dm128_nh8_el3_dl1_df512_expand2_dc4_fc3_ebtimeF_dtTrue_PFB_100_0","5db8ab37b9558ebdef0072d43e1c8fbdb2e248f51b356fee7cd0fbc2c4b63680","NVIDIA GeForce RTX 2080 Ti","local workstation result"
"ETTm2","PFB-Projected","primary-only","mcar","0.2","11","0.45265200997639177","0.45272029930920854","0.2000021688115429","15226176","long_term_forecast_PFB-Projected_H192_ETTm2_192_PFB-Projected_ETTm2_ftM_sl336_ll96_pl192_dm128_nh8_el3_dl1_df512_expand2_dc4_fc3_ebtimeF_dtTrue_PFB_100_0","5db8ab37b9558ebdef0072d43e1c8fbdb2e248f51b356fee7cd0fbc2c4b63680","NVIDIA GeForce RTX 2080 Ti","local workstation result"
"ETTm2","PFB-Projected","primary-only","mcar","0.2","22","0.4537518014353011","0.4533612054489128","0.2000021688115429","15226176","long_term_forecast_PFB-Projected_H192_ETTm2_192_PFB-Projected_ETTm2_ftM_sl336_ll96_pl192_dm128_nh8_el3_dl1_df512_expand2_dc4_fc3_ebtimeF_dtTrue_PFB_100_0","5db8ab37b9558ebdef0072d43e1c8fbdb2e248f51b356fee7cd0fbc2c4b63680","NVIDIA GeForce RTX 2080 Ti","local workstation result"
"ETTm2","PFB-Projected","primary-only","mcar","0.2","33","0.4528472988651267","0.4529150834391074","0.2000021688115429","15226176","long_term_forecast_PFB-Projected_H192_ETTm2_192_PFB-Projected_ETTm2_ftM_sl336_ll96_pl192_dm128_nh8_el3_dl1_df512_expand2_dc4_fc3_ebtimeF_dtTrue_PFB_100_0","5db8ab37b9558ebdef0072d43e1c8fbdb2e248f51b356fee7cd0fbc2c4b63680","NVIDIA GeForce RTX 2080 Ti","local workstation result"
"ETTm2","PFB-Projected","primary-only","mcar","0.3","11","0.5673491702474156","0.527762062912597","0.29999781628729594","15226176","long_term_forecast_PFB-Projected_H192_ETTm2_192_PFB-Projected_ETTm2_ftM_sl336_ll96_pl192_dm128_nh8_el3_dl1_df512_expand2_dc4_fc3_ebtimeF_dtTrue_PFB_100_0","5db8ab37b9558ebdef0072d43e1c8fbdb2e248f51b356fee7cd0fbc2c4b63680","NVIDIA GeForce RTX 2080 Ti","local workstation result"
"ETTm2","PFB-Projected","primary-only","mcar","0.3","22","0.569430241562871","0.5285767747163026","0.29999781628729594","15226176","long_term_forecast_PFB-Projected_H192_ETTm2_192_PFB-Projected_ETTm2_ftM_sl336_ll96_pl192_dm128_nh8_el3_dl1_df512_expand2_dc4_fc3_ebtimeF_dtTrue_PFB_100_0","5db8ab37b9558ebdef0072d43e1c8fbdb2e248f51b356fee7cd0fbc2c4b63680","NVIDIA GeForce RTX 2080 Ti","local workstation result"
"ETTm2","PFB-Projected","primary-only","mcar","0.3","33","0.5667342701091096","0.5275003711029292","0.29999781628729594","15226176","long_term_forecast_PFB-Projected_H192_ETTm2_192_PFB-Projected_ETTm2_ftM_sl336_ll96_pl192_dm128_nh8_el3_dl1_df512_expand2_dc4_fc3_ebtimeF_dtTrue_PFB_100_0","5db8ab37b9558ebdef0072d43e1c8fbdb2e248f51b356fee7cd0fbc2c4b63680","NVIDIA GeForce RTX 2080 Ti","local workstation result"
"ETTm2","PFB-Projected","primary-only","block","0.1","11","0.4973251416679399","0.47288771876706215","0.13757372796535491","15226176","long_term_forecast_PFB-Projected_H192_ETTm2_192_PFB-Projected_ETTm2_ftM_sl336_ll96_pl192_dm128_nh8_el3_dl1_df512_expand2_dc4_fc3_ebtimeF_dtTrue_PFB_100_0","5db8ab37b9558ebdef0072d43e1c8fbdb2e248f51b356fee7cd0fbc2c4b63680","NVIDIA GeForce RTX 2080 Ti","local workstation result"
"ETTm2","PFB-Projected","primary-only","block","0.1","22","0.49893905309671166","0.473302563324641","0.13756549463305676","15226176","long_term_forecast_PFB-Projected_H192_ETTm2_192_PFB-Projected_ETTm2_ftM_sl336_ll96_pl192_dm128_nh8_el3_dl1_df512_expand2_dc4_fc3_ebtimeF_dtTrue_PFB_100_0","5db8ab37b9558ebdef0072d43e1c8fbdb2e248f51b356fee7cd0fbc2c4b63680","NVIDIA GeForce RTX 2080 Ti","local workstation result"
"ETTm2","PFB-Projected","primary-only","block","0.1","33","0.4968252137792335","0.4727155104952143","0.13757223130111962","15226176","long_term_forecast_PFB-Projected_H192_ETTm2_192_PFB-Projected_ETTm2_ftM_sl336_ll96_pl192_dm128_nh8_el3_dl1_df512_expand2_dc4_fc3_ebtimeF_dtTrue_PFB_100_0","5db8ab37b9558ebdef0072d43e1c8fbdb2e248f51b356fee7cd0fbc2c4b63680","NVIDIA GeForce RTX 2080 Ti","local workstation result"
"ETTm2","PFB-Projected","primary-only","block","0.2","11","0.579823199704604","0.5120709011029987","0.19876389587429208","15226176","long_term_forecast_PFB-Projected_H192_ETTm2_192_PFB-Projected_ETTm2_ftM_sl336_ll96_pl192_dm128_nh8_el3_dl1_df512_expand2_dc4_fc3_ebtimeF_dtTrue_PFB_100_0","5db8ab37b9558ebdef0072d43e1c8fbdb2e248f51b356fee7cd0fbc2c4b63680","NVIDIA GeForce RTX 2080 Ti","local workstation result"
"ETTm2","PFB-Projected","primary-only","block","0.2","22","0.5787853488712311","0.51152588030989","0.1985748528174951","15226176","long_term_forecast_PFB-Projected_H192_ETTm2_192_PFB-Projected_ETTm2_ftM_sl336_ll96_pl192_dm128_nh8_el3_dl1_df512_expand2_dc4_fc3_ebtimeF_dtTrue_PFB_100_0","5db8ab37b9558ebdef0072d43e1c8fbdb2e248f51b356fee7cd0fbc2c4b63680","NVIDIA GeForce RTX 2080 Ti","local workstation result"
"ETTm2","PFB-Projected","primary-only","block","0.2","33","0.5782415467628534","0.5113340883793075","0.19867863764225596","15226176","long_term_forecast_PFB-Projected_H192_ETTm2_192_PFB-Projected_ETTm2_ftM_sl336_ll96_pl192_dm128_nh8_el3_dl1_df512_expand2_dc4_fc3_ebtimeF_dtTrue_PFB_100_0","5db8ab37b9558ebdef0072d43e1c8fbdb2e248f51b356fee7cd0fbc2c4b63680","NVIDIA GeForce RTX 2080 Ti","local workstation result"
"ETTm2","PFB-Projected","primary-only","block","0.3","11","0.7225031431722353","0.5756565232594375","0.3076129330715663","15226176","long_term_forecast_PFB-Projected_H192_ETTm2_192_PFB-Projected_ETTm2_ftM_sl336_ll96_pl192_dm128_nh8_el3_dl1_df512_expand2_dc4_fc3_ebtimeF_dtTrue_PFB_100_0","5db8ab37b9558ebdef0072d43e1c8fbdb2e248f51b356fee7cd0fbc2c4b63680","NVIDIA GeForce RTX 2080 Ti","local workstation result"
"ETTm2","PFB-Projected","primary-only","block","0.3","22","0.7218422877363084","0.5757213516590992","0.3075442554245532","15226176","long_term_forecast_PFB-Projected_H192_ETTm2_192_PFB-Projected_ETTm2_ftM_sl336_ll96_pl192_dm128_nh8_el3_dl1_df512_expand2_dc4_fc3_ebtimeF_dtTrue_PFB_100_0","5db8ab37b9558ebdef0072d43e1c8fbdb2e248f51b356fee7cd0fbc2c4b63680","NVIDIA GeForce RTX 2080 Ti","local workstation result"
"ETTm2","PFB-Projected","primary-only","block","0.3","33","0.72376545066749","0.5760619936513339","0.30749952944231707","15226176","long_term_forecast_PFB-Projected_H192_ETTm2_192_PFB-Projected_ETTm2_ftM_sl336_ll96_pl192_dm128_nh8_el3_dl1_df512_expand2_dc4_fc3_ebtimeF_dtTrue_PFB_100_0","5db8ab37b9558ebdef0072d43e1c8fbdb2e248f51b356fee7cd0fbc2c4b63680","NVIDIA GeForce RTX 2080 Ti","local workstation result"
"ETTm2","PFB-Projected","secondary-only","clean","0.0","0","0.305284029004136","0.34359016157459193","0.0","15226176","long_term_forecast_PFB-Projected_H192_ETTm2_192_PFB-Projected_ETTm2_ftM_sl336_ll96_pl192_dm128_nh8_el3_dl1_df512_expand2_dc4_fc3_ebtimeF_dtTrue_PFB_100_0","5db8ab37b9558ebdef0072d43e1c8fbdb2e248f51b356fee7cd0fbc2c4b63680","NVIDIA GeForce RTX 2080 Ti","local workstation result"
"ETTm2","PFB-Projected","secondary-only","gaussian","0.1","11","0.30527737158002594","0.34368819992687044","0.0","15226176","long_term_forecast_PFB-Projected_H192_ETTm2_192_PFB-Projected_ETTm2_ftM_sl336_ll96_pl192_dm128_nh8_el3_dl1_df512_expand2_dc4_fc3_ebtimeF_dtTrue_PFB_100_0","5db8ab37b9558ebdef0072d43e1c8fbdb2e248f51b356fee7cd0fbc2c4b63680","NVIDIA GeForce RTX 2080 Ti","local workstation result"
"ETTm2","PFB-Projected","secondary-only","gaussian","0.1","22","0.3053859367926754","0.343712001456586","0.0","15226176","long_term_forecast_PFB-Projected_H192_ETTm2_192_PFB-Projected_ETTm2_ftM_sl336_ll96_pl192_dm128_nh8_el3_dl1_df512_expand2_dc4_fc3_ebtimeF_dtTrue_PFB_100_0","5db8ab37b9558ebdef0072d43e1c8fbdb2e248f51b356fee7cd0fbc2c4b63680","NVIDIA GeForce RTX 2080 Ti","local workstation result"
"ETTm2","PFB-Projected","secondary-only","gaussian","0.1","33","0.3053991724185713","0.3436895622245497","0.0","15226176","long_term_forecast_PFB-Projected_H192_ETTm2_192_PFB-Projected_ETTm2_ftM_sl336_ll96_pl192_dm128_nh8_el3_dl1_df512_expand2_dc4_fc3_ebtimeF_dtTrue_PFB_100_0","5db8ab37b9558ebdef0072d43e1c8fbdb2e248f51b356fee7cd0fbc2c4b63680","NVIDIA GeForce RTX 2080 Ti","local workstation result"
"ETTm2","PFB-Projected","secondary-only","gaussian","0.2","11","0.30525184314133663","0.34395957563622415","0.0","15226176","long_term_forecast_PFB-Projected_H192_ETTm2_192_PFB-Projected_ETTm2_ftM_sl336_ll96_pl192_dm128_nh8_el3_dl1_df512_expand2_dc4_fc3_ebtimeF_dtTrue_PFB_100_0","5db8ab37b9558ebdef0072d43e1c8fbdb2e248f51b356fee7cd0fbc2c4b63680","NVIDIA GeForce RTX 2080 Ti","local workstation result"
"ETTm2","PFB-Projected","secondary-only","gaussian","0.2","22","0.3054700105580281","0.3439959967882327","0.0","15226176","long_term_forecast_PFB-Projected_H192_ETTm2_192_PFB-Projected_ETTm2_ftM_sl336_ll96_pl192_dm128_nh8_el3_dl1_df512_expand2_dc4_fc3_ebtimeF_dtTrue_PFB_100_0","5db8ab37b9558ebdef0072d43e1c8fbdb2e248f51b356fee7cd0fbc2c4b63680","NVIDIA GeForce RTX 2080 Ti","local workstation result"
"ETTm2","PFB-Projected","secondary-only","gaussian","0.2","33","0.3054233280090313","0.3439546262016508","0.0","15226176","long_term_forecast_PFB-Projected_H192_ETTm2_192_PFB-Projected_ETTm2_ftM_sl336_ll96_pl192_dm128_nh8_el3_dl1_df512_expand2_dc4_fc3_ebtimeF_dtTrue_PFB_100_0","5db8ab37b9558ebdef0072d43e1c8fbdb2e248f51b356fee7cd0fbc2c4b63680","NVIDIA GeForce RTX 2080 Ti","local workstation result"
"ETTm2","PFB-Projected","secondary-only","gaussian","0.3","11","0.30543209307987723","0.34448536116122364","0.0","15226176","long_term_forecast_PFB-Projected_H192_ETTm2_192_PFB-Projected_ETTm2_ftM_sl336_ll96_pl192_dm128_nh8_el3_dl1_df512_expand2_dc4_fc3_ebtimeF_dtTrue_PFB_100_0","5db8ab37b9558ebdef0072d43e1c8fbdb2e248f51b356fee7cd0fbc2c4b63680","NVIDIA GeForce RTX 2080 Ti","local workstation result"
"ETTm2","PFB-Projected","secondary-only","gaussian","0.3","22","0.30577768789492715","0.3445345995098067","0.0","15226176","long_term_forecast_PFB-Projected_H192_ETTm2_192_PFB-Projected_ETTm2_ftM_sl336_ll96_pl192_dm128_nh8_el3_dl1_df512_expand2_dc4_fc3_ebtimeF_dtTrue_PFB_100_0","5db8ab37b9558ebdef0072d43e1c8fbdb2e248f51b356fee7cd0fbc2c4b63680","NVIDIA GeForce RTX 2080 Ti","local workstation result"
"ETTm2","PFB-Projected","secondary-only","gaussian","0.3","33","0.30559005318970567","0.3444619427623851","0.0","15226176","long_term_forecast_PFB-Projected_H192_ETTm2_192_PFB-Projected_ETTm2_ftM_sl336_ll96_pl192_dm128_nh8_el3_dl1_df512_expand2_dc4_fc3_ebtimeF_dtTrue_PFB_100_0","5db8ab37b9558ebdef0072d43e1c8fbdb2e248f51b356fee7cd0fbc2c4b63680","NVIDIA GeForce RTX 2080 Ti","local workstation result"
"ETTm2","PFB-Projected","secondary-only","mcar","0.1","11","0.3480943857164637","0.40196401700540624","0.09999445720877446","15226176","long_term_forecast_PFB-Projected_H192_ETTm2_192_PFB-Projected_ETTm2_ftM_sl336_ll96_pl192_dm128_nh8_el3_dl1_df512_expand2_dc4_fc3_ebtimeF_dtTrue_PFB_100_0","5db8ab37b9558ebdef0072d43e1c8fbdb2e248f51b356fee7cd0fbc2c4b63680","NVIDIA GeForce RTX 2080 Ti","local workstation result"
"ETTm2","PFB-Projected","secondary-only","mcar","0.1","22","0.34804389288563853","0.4018854937032232","0.09999445720877446","15226176","long_term_forecast_PFB-Projected_H192_ETTm2_192_PFB-Projected_ETTm2_ftM_sl336_ll96_pl192_dm128_nh8_el3_dl1_df512_expand2_dc4_fc3_ebtimeF_dtTrue_PFB_100_0","5db8ab37b9558ebdef0072d43e1c8fbdb2e248f51b356fee7cd0fbc2c4b63680","NVIDIA GeForce RTX 2080 Ti","local workstation result"
"ETTm2","PFB-Projected","secondary-only","mcar","0.1","33","0.3486821980522057","0.40217852896217476","0.09999445720877446","15226176","long_term_forecast_PFB-Projected_H192_ETTm2_192_PFB-Projected_ETTm2_ftM_sl336_ll96_pl192_dm128_nh8_el3_dl1_df512_expand2_dc4_fc3_ebtimeF_dtTrue_PFB_100_0","5db8ab37b9558ebdef0072d43e1c8fbdb2e248f51b356fee7cd0fbc2c4b63680","NVIDIA GeForce RTX 2080 Ti","local workstation result"
"ETTm2","PFB-Projected","secondary-only","mcar","0.2","11","0.47360543267829486","0.48493758186290403","0.2000021688115429","15226176","long_term_forecast_PFB-Projected_H192_ETTm2_192_PFB-Projected_ETTm2_ftM_sl336_ll96_pl192_dm128_nh8_el3_dl1_df512_expand2_dc4_fc3_ebtimeF_dtTrue_PFB_100_0","5db8ab37b9558ebdef0072d43e1c8fbdb2e248f51b356fee7cd0fbc2c4b63680","NVIDIA GeForce RTX 2080 Ti","local workstation result"
"ETTm2","PFB-Projected","secondary-only","mcar","0.2","22","0.4736734226773367","0.48499283304890284","0.2000021688115429","15226176","long_term_forecast_PFB-Projected_H192_ETTm2_192_PFB-Projected_ETTm2_ftM_sl336_ll96_pl192_dm128_nh8_el3_dl1_df512_expand2_dc4_fc3_ebtimeF_dtTrue_PFB_100_0","5db8ab37b9558ebdef0072d43e1c8fbdb2e248f51b356fee7cd0fbc2c4b63680","NVIDIA GeForce RTX 2080 Ti","local workstation result"
"ETTm2","PFB-Projected","secondary-only","mcar","0.2","33","0.47400550080977993","0.48508011306306614","0.2000021688115429","15226176","long_term_forecast_PFB-Projected_H192_ETTm2_192_PFB-Projected_ETTm2_ftM_sl336_ll96_pl192_dm128_nh8_el3_dl1_df512_expand2_dc4_fc3_ebtimeF_dtTrue_PFB_100_0","5db8ab37b9558ebdef0072d43e1c8fbdb2e248f51b356fee7cd0fbc2c4b63680","NVIDIA GeForce RTX 2080 Ti","local workstation result"
"ETTm2","PFB-Projected","secondary-only","mcar","0.3","11","0.6598781804096158","0.5818958263750692","0.29999781628729594","15226176","long_term_forecast_PFB-Projected_H192_ETTm2_192_PFB-Projected_ETTm2_ftM_sl336_ll96_pl192_dm128_nh8_el3_dl1_df512_expand2_dc4_fc3_ebtimeF_dtTrue_PFB_100_0","5db8ab37b9558ebdef0072d43e1c8fbdb2e248f51b356fee7cd0fbc2c4b63680","NVIDIA GeForce RTX 2080 Ti","local workstation result"
"ETTm2","PFB-Projected","secondary-only","mcar","0.3","22","0.6607377470148194","0.5824465507065195","0.29999781628729594","15226176","long_term_forecast_PFB-Projected_H192_ETTm2_192_PFB-Projected_ETTm2_ftM_sl336_ll96_pl192_dm128_nh8_el3_dl1_df512_expand2_dc4_fc3_ebtimeF_dtTrue_PFB_100_0","5db8ab37b9558ebdef0072d43e1c8fbdb2e248f51b356fee7cd0fbc2c4b63680","NVIDIA GeForce RTX 2080 Ti","local workstation result"
"ETTm2","PFB-Projected","secondary-only","mcar","0.3","33","0.6596851193384615","0.5820064673793698","0.29999781628729594","15226176","long_term_forecast_PFB-Projected_H192_ETTm2_192_PFB-Projected_ETTm2_ftM_sl336_ll96_pl192_dm128_nh8_el3_dl1_df512_expand2_dc4_fc3_ebtimeF_dtTrue_PFB_100_0","5db8ab37b9558ebdef0072d43e1c8fbdb2e248f51b356fee7cd0fbc2c4b63680","NVIDIA GeForce RTX 2080 Ti","local workstation result"
"ETTm2","PFB-Projected","secondary-only","block","0.1","11","0.5353551757108227","0.5135458601386989","0.13757372796535491","15226176","long_term_forecast_PFB-Projected_H192_ETTm2_192_PFB-Projected_ETTm2_ftM_sl336_ll96_pl192_dm128_nh8_el3_dl1_df512_expand2_dc4_fc3_ebtimeF_dtTrue_PFB_100_0","5db8ab37b9558ebdef0072d43e1c8fbdb2e248f51b356fee7cd0fbc2c4b63680","NVIDIA GeForce RTX 2080 Ti","local workstation result"
"ETTm2","PFB-Projected","secondary-only","block","0.1","22","0.538203942166875","0.5142165177390825","0.13756549463305676","15226176","long_term_forecast_PFB-Projected_H192_ETTm2_192_PFB-Projected_ETTm2_ftM_sl336_ll96_pl192_dm128_nh8_el3_dl1_df512_expand2_dc4_fc3_ebtimeF_dtTrue_PFB_100_0","5db8ab37b9558ebdef0072d43e1c8fbdb2e248f51b356fee7cd0fbc2c4b63680","NVIDIA GeForce RTX 2080 Ti","local workstation result"
"ETTm2","PFB-Projected","secondary-only","block","0.1","33","0.5362876994985766","0.5135859707182303","0.13757223130111962","15226176","long_term_forecast_PFB-Projected_H192_ETTm2_192_PFB-Projected_ETTm2_ftM_sl336_ll96_pl192_dm128_nh8_el3_dl1_df512_expand2_dc4_fc3_ebtimeF_dtTrue_PFB_100_0","5db8ab37b9558ebdef0072d43e1c8fbdb2e248f51b356fee7cd0fbc2c4b63680","NVIDIA GeForce RTX 2080 Ti","local workstation result"
"ETTm2","PFB-Projected","secondary-only","block","0.2","11","0.7206994474157902","0.594152323634238","0.19876389587429208","15226176","long_term_forecast_PFB-Projected_H192_ETTm2_192_PFB-Projected_ETTm2_ftM_sl336_ll96_pl192_dm128_nh8_el3_dl1_df512_expand2_dc4_fc3_ebtimeF_dtTrue_PFB_100_0","5db8ab37b9558ebdef0072d43e1c8fbdb2e248f51b356fee7cd0fbc2c4b63680","NVIDIA GeForce RTX 2080 Ti","local workstation result"
"ETTm2","PFB-Projected","secondary-only","block","0.2","22","0.7192562785441506","0.5932004618317716","0.1985748528174951","15226176","long_term_forecast_PFB-Projected_H192_ETTm2_192_PFB-Projected_ETTm2_ftM_sl336_ll96_pl192_dm128_nh8_el3_dl1_df512_expand2_dc4_fc3_ebtimeF_dtTrue_PFB_100_0","5db8ab37b9558ebdef0072d43e1c8fbdb2e248f51b356fee7cd0fbc2c4b63680","NVIDIA GeForce RTX 2080 Ti","local workstation result"
"ETTm2","PFB-Projected","secondary-only","block","0.2","33","0.7192910859550625","0.5935292483930421","0.19867863764225596","15226176","long_term_forecast_PFB-Projected_H192_ETTm2_192_PFB-Projected_ETTm2_ftM_sl336_ll96_pl192_dm128_nh8_el3_dl1_df512_expand2_dc4_fc3_ebtimeF_dtTrue_PFB_100_0","5db8ab37b9558ebdef0072d43e1c8fbdb2e248f51b356fee7cd0fbc2c4b63680","NVIDIA GeForce RTX 2080 Ti","local workstation result"
"ETTm2","PFB-Projected","secondary-only","block","0.3","11","0.978685940612611","0.6817694436960203","0.3076129330715663","15226176","long_term_forecast_PFB-Projected_H192_ETTm2_192_PFB-Projected_ETTm2_ftM_sl336_ll96_pl192_dm128_nh8_el3_dl1_df512_expand2_dc4_fc3_ebtimeF_dtTrue_PFB_100_0","5db8ab37b9558ebdef0072d43e1c8fbdb2e248f51b356fee7cd0fbc2c4b63680","NVIDIA GeForce RTX 2080 Ti","local workstation result"
"ETTm2","PFB-Projected","secondary-only","block","0.3","22","0.9797801788965549","0.6819872913963725","0.3075442554245532","15226176","long_term_forecast_PFB-Projected_H192_ETTm2_192_PFB-Projected_ETTm2_ftM_sl336_ll96_pl192_dm128_nh8_el3_dl1_df512_expand2_dc4_fc3_ebtimeF_dtTrue_PFB_100_0","5db8ab37b9558ebdef0072d43e1c8fbdb2e248f51b356fee7cd0fbc2c4b63680","NVIDIA GeForce RTX 2080 Ti","local workstation result"
"ETTm2","PFB-Projected","secondary-only","block","0.3","33","0.9799093687137835","0.6823549597769087","0.30749952944231707","15226176","long_term_forecast_PFB-Projected_H192_ETTm2_192_PFB-Projected_ETTm2_ftM_sl336_ll96_pl192_dm128_nh8_el3_dl1_df512_expand2_dc4_fc3_ebtimeF_dtTrue_PFB_100_0","5db8ab37b9558ebdef0072d43e1c8fbdb2e248f51b356fee7cd0fbc2c4b63680","NVIDIA GeForce RTX 2080 Ti","local workstation result"
