Model,Dataset,Horizon,SeqLen,MSE,MAE,ExperimentName
Autoformer,ETTh1,96,96,0.4670165479183197,0.4709823429584503,long_term_forecast_Autoformer_100epoch_Autoformer_ETTh1_ftM_sl96_ll48_pl96_dm512_nh8_el2_dl1_df2048_expand2_dc4_fc3_ebtimeF_dtTrue_baseline_100_0
DLinear,ETTh1,96,336,0.37171638011932373,0.3952139616012573,long_term_forecast_DLinear_100epoch_DLinear_ETTh1_ftM_sl336_ll48_pl96_dm512_nh8_el2_dl1_df2048_expand2_dc4_fc1_ebtimeF_dtTrue_baseline_100_0
DLinear,ETTh1,96,336,0.3750735819339752,0.3986847400665283,long_term_forecast_DLinear_ETTh1_H96_seed2021_DLinear_ETTh1_ftM_sl336_ll48_pl96_dm512_nh8_el2_dl1_df2048_expand2_dc4_fc1_ebtimeF_dtTrue_test_0
DLinear,ETTh1,96,336,0.3752487599849701,0.39878544211387634,long_term_forecast_DLinear_ETTh1_H96_seed2022_DLinear_ETTh1_ftM_sl336_ll48_pl96_dm512_nh8_el2_dl1_df2048_expand2_dc4_fc1_ebtimeF_dtTrue_test_0
DLinear,ETTh1,96,336,0.3750429153442383,0.3985247015953064,long_term_forecast_DLinear_ETTh1_H96_seed2023_DLinear_ETTh1_ftM_sl336_ll48_pl96_dm512_nh8_el2_dl1_df2048_expand2_dc4_fc1_ebtimeF_dtTrue_test_0
Informer,ETTh1,96,96,0.9643483757972717,0.7803738117218018,long_term_forecast_Informer_100epoch_Informer_ETTh1_ftM_sl96_ll48_pl96_dm512_nh8_el2_dl1_df2048_expand2_dc4_fc3_ebtimeF_dtTrue_baseline_100_0
PatchFusionBERT_BERTOnly,ETTh1,96,336,0.3799954354763031,0.40498363971710205,long_term_forecast_BERTOnly_100epoch_PatchFusionBERT_BERTOnly_ETTh1_ftM_sl336_ll48_pl96_dm128_nh8_el3_dl1_df512_expand2_dc4_fc1_ebtimeF_dtTrue_Ablation_100_0
PatchFusionBERT_v0,ETTh1,96,336,0.36754170060157776,0.3951941430568695,long_term_forecast_PFB_v0_100epoch_PatchFusionBERT_v0_ETTh1_ftM_sl336_ll48_pl96_dm128_nh8_el3_dl1_df512_expand2_dc4_fc1_ebtimeF_dtTrue_PFB_100_0
PatchFusionBERT_v0,ETTh1,96,96,0.38598132133483887,0.4019874632358551,long_term_forecast_ETTh1_96_96_PatchFusionBERT_v0_ETTh1_ftM_sl96_ll48_pl96_dm512_nh8_el2_dl1_df2048_expand2_dc4_fc3_ebtimeF_dtTrue_Exp_0
PatchFusionBERT_v2,ETTh1,96,336,0.3862752318382263,0.40525537729263306,long_term_forecast_PFB_v2_100epoch_PatchFusionBERT_v2_ETTh1_ftM_sl336_ll48_pl96_dm128_nh8_el3_dl1_df512_expand2_dc4_fc1_ebtimeF_dtTrue_PFB_100_0
PatchTST,ETTh1,96,336,0.3813759386539459,0.4063098430633545,long_term_forecast_PatchTST_100epoch_PatchTST_ETTh1_ftM_sl336_ll48_pl96_dm128_nh8_el3_dl1_df512_expand2_dc4_fc1_ebtimeF_dtTrue_baseline_100_0
PatchTST,ETTh1,96,336,0.37735673785209656,0.40135854482650757,long_term_forecast_PatchTST_ETTh1_H96_seed2021_PatchTST_ETTh1_ftM_sl336_ll48_pl96_dm128_nh8_el3_dl1_df512_expand2_dc4_fc1_ebtimeF_dtTrue_test_0
PatchTST,ETTh1,96,336,0.3737886846065521,0.4001498818397522,long_term_forecast_PatchTST_ETTh1_H96_seed2022_PatchTST_ETTh1_ftM_sl336_ll48_pl96_dm128_nh8_el3_dl1_df512_expand2_dc4_fc1_ebtimeF_dtTrue_test_0
PatchTST,ETTh1,96,336,0.3741927742958069,0.39954736828804016,long_term_forecast_PatchTST_ETTh1_H96_seed2023_PatchTST_ETTh1_ftM_sl336_ll48_pl96_dm128_nh8_el3_dl1_df512_expand2_dc4_fc1_ebtimeF_dtTrue_test_0
TiDE,ETTh1,96,336,0.3958204686641693,0.4140930771827698,long_term_forecast_TiDE_100epoch_TiDE_ETTh1_ftM_sl336_ll48_pl96_dm128_nh8_el2_dl1_df512_expand2_dc4_fc1_ebtimeF_dtTrue_baseline_100_0
TimeXer,ETTh1,96,336,0.3908599317073822,0.4076481759548187,long_term_forecast_TimeXer_100epoch_TimeXer_ETTh1_ftM_sl336_ll48_pl96_dm128_nh8_el2_dl1_df512_expand2_dc4_fc1_ebtimeF_dtTrue_baseline_100_0
Transformer,ETTh1,96,96,0.858115017414093,0.7227218151092529,long_term_forecast_Transformer_100epoch_Transformer_ETTh1_ftM_sl96_ll48_pl96_dm512_nh8_el2_dl1_df2048_expand2_dc4_fc1_ebtimeF_dtTrue_baseline_100_0
iTransformer,ETTh1,96,336,0.3997432291507721,0.41739755868911743,long_term_forecast_iTransformer_100epoch_iTransformer_ETTh1_ftM_sl336_ll48_pl96_dm128_nh8_el2_dl1_df512_expand2_dc4_fc1_ebtimeF_dtTrue_baseline_100_0
Autoformer,ETTh1,192,96,0.486164927482605,0.479158878326416,long_term_forecast_Autoformer_H192_ETTh1_192_Autoformer_ETTh1_ftM_sl96_ll96_pl192_dm512_nh8_el2_dl1_df2048_expand2_dc4_fc3_ebtimeF_dtTrue_baseline_100_0
DLinear,ETTh1,192,336,0.41113802790641785,0.4230816662311554,long_term_forecast_DLinear_H192_ETTh1_192_DLinear_ETTh1_ftM_sl336_ll96_pl192_dm512_nh8_el2_dl1_df2048_expand2_dc4_fc3_ebtimeF_dtTrue_baseline_100_0
DLinear,ETTh1,192,336,0.41113802790641785,0.4230816662311554,long_term_forecast_DLinear_MS2021_ETTh1_192_DLinear_ETTh1_ftM_sl336_ll96_pl192_dm512_nh8_el2_dl1_df2048_expand2_dc4_fc3_ebtimeF_dtTrue_multiseed_h192_0
DLinear,ETTh1,192,336,0.4072728455066681,0.41805747151374817,long_term_forecast_DLinear_MS2022_ETTh1_192_DLinear_ETTh1_ftM_sl336_ll96_pl192_dm512_nh8_el2_dl1_df2048_expand2_dc4_fc3_ebtimeF_dtTrue_multiseed_h192_0
DLinear,ETTh1,192,336,0.40545228123664856,0.41571828722953796,long_term_forecast_DLinear_MS2023_ETTh1_192_DLinear_ETTh1_ftM_sl336_ll96_pl192_dm512_nh8_el2_dl1_df2048_expand2_dc4_fc3_ebtimeF_dtTrue_multiseed_h192_0
Informer,ETTh1,192,96,1.2433260679244995,0.8894323706626892,long_term_forecast_Informer_H192_ETTh1_192_Informer_ETTh1_ftM_sl96_ll96_pl192_dm512_nh8_el2_dl1_df2048_expand2_dc4_fc3_ebtimeF_dtTrue_baseline_100_0
PatchFusionBERT_BERTOnly,ETTh1,192,336,0.4237954318523407,0.4331972002983093,long_term_forecast_BERTOnly_H192_ETTh1_192_PatchFusionBERT_BERTOnly_ETTh1_ftM_sl336_ll96_pl192_dm128_nh8_el3_dl1_df512_expand2_dc4_fc3_ebtimeF_dtTrue_Ablation_100_0
PatchFusionBERT_v0,ETTh1,192,336,0.4106091260910034,0.4242137670516968,long_term_forecast_PFB_v0_H192_ETTh1_192_PatchFusionBERT_v0_ETTh1_ftM_sl336_ll96_pl192_dm128_nh8_el3_dl1_df512_expand2_dc4_fc3_ebtimeF_dtTrue_PFB_100_0
PatchFusionBERT_v0,ETTh1,192,336,0.4106091260910034,0.4242137670516968,long_term_forecast_PFB_v0_MS2021_ETTh1_192_PatchFusionBERT_v0_ETTh1_ftM_sl336_ll96_pl192_dm128_nh8_el3_dl1_df512_expand2_dc4_fc3_ebtimeF_dtTrue_multiseed_h192_0
PatchFusionBERT_v0,ETTh1,192,336,0.41884031891822815,0.42782071232795715,long_term_forecast_PFB_v0_MS2022_ETTh1_192_PatchFusionBERT_v0_ETTh1_ftM_sl336_ll96_pl192_dm128_nh8_el3_dl1_df512_expand2_dc4_fc3_ebtimeF_dtTrue_multiseed_h192_0
PatchFusionBERT_v0,ETTh1,192,336,0.4109627902507782,0.4267481565475464,long_term_forecast_PFB_v0_MS2023_ETTh1_192_PatchFusionBERT_v0_ETTh1_ftM_sl336_ll96_pl192_dm128_nh8_el3_dl1_df512_expand2_dc4_fc3_ebtimeF_dtTrue_multiseed_h192_0
PatchFusionBERT_v0,ETTh1,192,96,0.437430202960968,0.43308353424072266,long_term_forecast_ETTh1_96_192_PatchFusionBERT_v0_ETTh1_ftM_sl96_ll48_pl192_dm512_nh8_el2_dl1_df2048_expand2_dc4_fc3_ebtimeF_dtTrue_Exp_0
PatchFusionBERT_v2,ETTh1,192,336,0.41984885931015015,0.42661020159721375,long_term_forecast_PFB_v2_H192_ETTh1_192_PatchFusionBERT_v2_ETTh1_ftM_sl336_ll96_pl192_dm128_nh8_el3_dl1_df512_expand2_dc4_fc3_ebtimeF_dtTrue_PFB_100_0
PatchFusionBERT_v2,ETTh1,192,336,0.41984885931015015,0.42661020159721375,long_term_forecast_ETTh1_336_192_MS2021_PatchFusionBERT_v2_ETTh1_ftM_sl336_ll48_pl192_dm128_nh8_el3_dl1_df512_expand2_dc4_fc3_ebtimeF_dtTrue_Exp_0
PatchFusionBERT_v2,ETTh1,192,336,0.41780033707618713,0.42608627676963806,long_term_forecast_ETTh1_336_192_MS2022_PatchFusionBERT_v2_ETTh1_ftM_sl336_ll48_pl192_dm128_nh8_el3_dl1_df512_expand2_dc4_fc3_ebtimeF_dtTrue_Exp_0
PatchFusionBERT_v2,ETTh1,192,336,0.429414302110672,0.4361834228038788,long_term_forecast_ETTh1_336_192_MS2023_PatchFusionBERT_v2_ETTh1_ftM_sl336_ll48_pl192_dm128_nh8_el3_dl1_df512_expand2_dc4_fc3_ebtimeF_dtTrue_Exp_0
PatchTST,ETTh1,192,336,0.4311766028404236,0.4324896037578583,long_term_forecast_PatchTST_H192_ETTh1_192_PatchTST_ETTh1_ftM_sl336_ll96_pl192_dm128_nh8_el3_dl1_df512_expand2_dc4_fc3_ebtimeF_dtTrue_baseline_100_0
PatchTST,ETTh1,192,336,0.4311766028404236,0.4324896037578583,long_term_forecast_PatchTST_MS2021_ETTh1_192_PatchTST_ETTh1_ftM_sl336_ll96_pl192_dm128_nh8_el3_dl1_df512_expand2_dc4_fc3_ebtimeF_dtTrue_multiseed_h192_0
PatchTST,ETTh1,192,336,0.43365421891212463,0.4344260096549988,long_term_forecast_PatchTST_MS2022_ETTh1_192_PatchTST_ETTh1_ftM_sl336_ll96_pl192_dm128_nh8_el3_dl1_df512_expand2_dc4_fc3_ebtimeF_dtTrue_multiseed_h192_0
PatchTST,ETTh1,192,336,0.4324001669883728,0.4440619647502899,long_term_forecast_PatchTST_MS2023_ETTh1_192_PatchTST_ETTh1_ftM_sl336_ll96_pl192_dm128_nh8_el3_dl1_df512_expand2_dc4_fc3_ebtimeF_dtTrue_multiseed_h192_0
TiDE,ETTh1,192,336,0.4283033311367035,0.43272972106933594,long_term_forecast_TiDE_H192_ETTh1_192_TiDE_ETTh1_ftM_sl336_ll96_pl192_dm128_nh8_el2_dl1_df512_expand2_dc4_fc3_ebtimeF_dtTrue_baseline_100_0
TimeXer,ETTh1,192,336,0.4238514006137848,0.42693397402763367,long_term_forecast_TimeXer_H192_ETTh1_192_TimeXer_ETTh1_ftM_sl336_ll96_pl192_dm128_nh8_el2_dl1_df512_expand2_dc4_fc3_ebtimeF_dtTrue_baseline_100_0
Transformer,ETTh1,192,96,0.9112381339073181,0.7560369372367859,long_term_forecast_Transformer_H192_ETTh1_192_Transformer_ETTh1_ftM_sl96_ll96_pl192_dm512_nh8_el2_dl1_df2048_expand2_dc4_fc3_ebtimeF_dtTrue_baseline_100_0
iTransformer,ETTh1,192,336,0.44948580861091614,0.4505912959575653,long_term_forecast_iTransformer_H192_ETTh1_192_iTransformer_ETTh1_ftM_sl336_ll96_pl192_dm128_nh8_el2_dl1_df512_expand2_dc4_fc3_ebtimeF_dtTrue_baseline_100_0
DLinear,ETTh1,336,336,0.4333930015563965,0.43712347745895386,long_term_forecast_DLinear_H336_ETTh1_192_DLinear_ETTh1_ftM_sl336_ll168_pl336_dm512_nh8_el2_dl1_df2048_expand2_dc4_fc3_ebtimeF_dtTrue_baseline_100_0
DLinear,ETTh1,336,336,0.43816930055618286,0.444356769323349,long_term_forecast_DLinear_ETTh1_H336_seed2021_DLinear_ETTh1_ftM_sl336_ll48_pl336_dm512_nh8_el2_dl1_df2048_expand2_dc4_fc1_ebtimeF_dtTrue_test_0
DLinear,ETTh1,336,336,0.4348073899745941,0.44001448154449463,long_term_forecast_DLinear_ETTh1_H336_seed2022_DLinear_ETTh1_ftM_sl336_ll48_pl336_dm512_nh8_el2_dl1_df2048_expand2_dc4_fc1_ebtimeF_dtTrue_test_0
DLinear,ETTh1,336,336,0.43372827768325806,0.43852537870407104,long_term_forecast_DLinear_ETTh1_H336_seed2023_DLinear_ETTh1_ftM_sl336_ll48_pl336_dm512_nh8_el2_dl1_df2048_expand2_dc4_fc1_ebtimeF_dtTrue_test_0
Informer,ETTh1,336,336,1.2789709568023682,0.8911445140838623,long_term_forecast_ETTh1_336_336_Informer_ETTh1_ftM_sl336_ll48_pl336_dm512_nh8_el2_dl1_df2048_expand2_dc4_fc3_ebtimeF_dtTrue_Exp_0
PatchFusionBERT_BERTOnly,ETTh1,336,336,0.44909825921058655,0.4536488652229309,long_term_forecast_BERTOnly_H336_ETTh1_192_PatchFusionBERT_BERTOnly_ETTh1_ftM_sl336_ll168_pl336_dm128_nh8_el3_dl1_df512_expand2_dc4_fc3_ebtimeF_dtTrue_Ablation_100_0
PatchFusionBERT_v0,ETTh1,336,336,0.4378277361392975,0.44761794805526733,long_term_forecast_PFB_v0_H336_ETTh1_192_PatchFusionBERT_v0_ETTh1_ftM_sl336_ll168_pl336_dm128_nh8_el3_dl1_df512_expand2_dc4_fc3_ebtimeF_dtTrue_PFB_100_0
PatchFusionBERT_v0,ETTh1,336,96,0.4947746694087982,0.46155381202697754,long_term_forecast_ETTh1_96_336_PatchFusionBERT_v0_ETTh1_ftM_sl96_ll48_pl336_dm512_nh8_el2_dl1_df2048_expand2_dc4_fc3_ebtimeF_dtTrue_Exp_0
PatchFusionBERT_v2,ETTh1,336,336,0.4410969614982605,0.4404427409172058,long_term_forecast_PFB_v2_H336_ETTh1_192_PatchFusionBERT_v2_ETTh1_ftM_sl336_ll168_pl336_dm128_nh8_el3_dl1_df512_expand2_dc4_fc3_ebtimeF_dtTrue_PFB_100_0
PatchTST,ETTh1,336,336,0.49337053298950195,0.49008145928382874,long_term_forecast_PatchTST_H336_ETTh1_192_PatchTST_ETTh1_ftM_sl336_ll168_pl336_dm128_nh8_el3_dl1_df512_expand2_dc4_fc3_ebtimeF_dtTrue_baseline_100_0
PatchTST,ETTh1,336,336,0.4940769672393799,0.48786911368370056,long_term_forecast_PatchTST_ETTh1_H336_seed2021_PatchTST_ETTh1_ftM_sl336_ll48_pl336_dm128_nh8_el3_dl1_df512_expand2_dc4_fc1_ebtimeF_dtTrue_test_0
PatchTST,ETTh1,336,336,0.4506278932094574,0.4476773142814636,long_term_forecast_PatchTST_ETTh1_H336_seed2022_PatchTST_ETTh1_ftM_sl336_ll48_pl336_dm128_nh8_el3_dl1_df512_expand2_dc4_fc1_ebtimeF_dtTrue_test_0
PatchTST,ETTh1,336,336,0.46109944581985474,0.45685505867004395,long_term_forecast_PatchTST_ETTh1_H336_seed2023_PatchTST_ETTh1_ftM_sl336_ll48_pl336_dm128_nh8_el3_dl1_df512_expand2_dc4_fc1_ebtimeF_dtTrue_test_0
TiDE,ETTh1,336,336,0.4501563608646393,0.4466113746166229,long_term_forecast_TiDE_H336_ETTh1_192_TiDE_ETTh1_ftM_sl336_ll168_pl336_dm128_nh8_el2_dl1_df512_expand2_dc4_fc3_ebtimeF_dtTrue_baseline_100_0
TimeXer,ETTh1,336,336,0.45746710896492004,0.45315131545066833,long_term_forecast_TimeXer_H336_ETTh1_192_TimeXer_ETTh1_ftM_sl336_ll168_pl336_dm128_nh8_el2_dl1_df512_expand2_dc4_fc3_ebtimeF_dtTrue_baseline_100_0
iTransformer,ETTh1,336,336,0.4636274576187134,0.4645465910434723,long_term_forecast_iTransformer_H336_ETTh1_192_iTransformer_ETTh1_ftM_sl336_ll168_pl336_dm128_nh8_el2_dl1_df512_expand2_dc4_fc3_ebtimeF_dtTrue_baseline_100_0
PatchFusionBERT_v0,ETTh1,720,96,0.5057691335678101,0.48887479305267334,long_term_forecast_ETTh1_96_720_PatchFusionBERT_v0_ETTh1_ftM_sl96_ll48_pl720_dm512_nh8_el2_dl1_df2048_expand2_dc4_fc3_ebtimeF_dtTrue_Exp_0
Autoformer,ETTh2,96,96,0.36960285902023315,0.4058757424354553,long_term_forecast_Autoformer_100epoch_Autoformer_ETTh2_ftM_sl96_ll48_pl96_dm512_nh8_el2_dl1_df2048_expand2_dc4_fc3_ebtimeF_dtTrue_baseline_100_0
DLinear,ETTh2,96,336,0.30269038677215576,0.3661595284938812,long_term_forecast_DLinear_100epoch_DLinear_ETTh2_ftM_sl336_ll48_pl96_dm512_nh8_el2_dl1_df2048_expand2_dc4_fc1_ebtimeF_dtTrue_baseline_100_0
DLinear,ETTh2,96,336,0.30734774470329285,0.36979350447654724,long_term_forecast_DLinear_ETTh2_H96_seed2021_DLinear_ETTh2_ftM_sl336_ll48_pl96_dm512_nh8_el2_dl1_df2048_expand2_dc4_fc1_ebtimeF_dtTrue_test_0
DLinear,ETTh2,96,336,0.3018884062767029,0.36612024903297424,long_term_forecast_DLinear_ETTh2_H96_seed2022_DLinear_ETTh2_ftM_sl336_ll48_pl96_dm512_nh8_el2_dl1_df2048_expand2_dc4_fc1_ebtimeF_dtTrue_test_0
DLinear,ETTh2,96,336,0.3091532588005066,0.37199708819389343,long_term_forecast_DLinear_ETTh2_H96_seed2023_DLinear_ETTh2_ftM_sl336_ll48_pl96_dm512_nh8_el2_dl1_df2048_expand2_dc4_fc1_ebtimeF_dtTrue_test_0
Informer,ETTh2,96,96,2.8697290420532227,1.338467001914978,long_term_forecast_Informer_100epoch_Informer_ETTh2_ftM_sl96_ll48_pl96_dm512_nh8_el2_dl1_df2048_expand2_dc4_fc3_ebtimeF_dtTrue_baseline_100_0
PatchFusionBERT_BERTOnly,ETTh2,96,336,0.3085458278656006,0.36794278025627136,long_term_forecast_BERTOnly_100epoch_PatchFusionBERT_BERTOnly_ETTh2_ftM_sl336_ll48_pl96_dm128_nh8_el3_dl1_df512_expand2_dc4_fc1_ebtimeF_dtTrue_Ablation_100_0
PatchFusionBERT_v0,ETTh2,96,336,0.30538833141326904,0.3523827791213989,long_term_forecast_PFB_v0_100epoch_PatchFusionBERT_v0_ETTh2_ftM_sl336_ll48_pl96_dm128_nh8_el3_dl1_df512_expand2_dc4_fc1_ebtimeF_dtTrue_PFB_100_0
PatchFusionBERT_v2,ETTh2,96,336,0.2893078029155731,0.34741267561912537,long_term_forecast_PFB_v2_100epoch_PatchFusionBERT_v2_ETTh2_ftM_sl336_ll48_pl96_dm128_nh8_el3_dl1_df512_expand2_dc4_fc1_ebtimeF_dtTrue_PFB_100_0
PatchTST,ETTh2,96,336,0.3145037591457367,0.3646617531776428,long_term_forecast_PatchTST_100epoch_PatchTST_ETTh2_ftM_sl336_ll48_pl96_dm128_nh8_el3_dl1_df512_expand2_dc4_fc1_ebtimeF_dtTrue_baseline_100_0
PatchTST,ETTh2,96,336,0.30821293592453003,0.36310914158821106,long_term_forecast_PatchTST_ETTh2_H96_seed2021_PatchTST_ETTh2_ftM_sl336_ll48_pl96_dm128_nh8_el3_dl1_df512_expand2_dc4_fc1_ebtimeF_dtTrue_test_0
PatchTST,ETTh2,96,336,0.3188599646091461,0.36719128489494324,long_term_forecast_PatchTST_ETTh2_H96_seed2022_PatchTST_ETTh2_ftM_sl336_ll48_pl96_dm128_nh8_el3_dl1_df512_expand2_dc4_fc1_ebtimeF_dtTrue_test_0
PatchTST,ETTh2,96,336,0.3163600265979767,0.3675025403499603,long_term_forecast_PatchTST_ETTh2_H96_seed2023_PatchTST_ETTh2_ftM_sl336_ll48_pl96_dm128_nh8_el3_dl1_df512_expand2_dc4_fc1_ebtimeF_dtTrue_test_0
TiDE,ETTh2,96,336,0.2914274036884308,0.3515274226665497,long_term_forecast_TiDE_100epoch_TiDE_ETTh2_ftM_sl336_ll48_pl96_dm128_nh8_el2_dl1_df512_expand2_dc4_fc1_ebtimeF_dtTrue_baseline_100_0
TimeXer,ETTh2,96,336,0.29686692357063293,0.36043912172317505,long_term_forecast_TimeXer_100epoch_TimeXer_ETTh2_ftM_sl336_ll48_pl96_dm128_nh8_el2_dl1_df512_expand2_dc4_fc1_ebtimeF_dtTrue_baseline_100_0
Transformer,ETTh2,96,96,2.7321393489837646,1.3180590867996216,long_term_forecast_Transformer_100epoch_Transformer_ETTh2_ftM_sl96_ll48_pl96_dm512_nh8_el2_dl1_df2048_expand2_dc4_fc1_ebtimeF_dtTrue_baseline_100_0
iTransformer,ETTh2,96,336,0.3062117397785187,0.36055323481559753,long_term_forecast_iTransformer_100epoch_iTransformer_ETTh2_ftM_sl336_ll48_pl96_dm128_nh8_el2_dl1_df512_expand2_dc4_fc1_ebtimeF_dtTrue_baseline_100_0
Autoformer,ETTh2,192,96,0.4351978302001953,0.44656404852867126,long_term_forecast_Autoformer_H192_ETTh2_192_Autoformer_ETTh2_ftM_sl96_ll96_pl192_dm512_nh8_el2_dl1_df2048_expand2_dc4_fc3_ebtimeF_dtTrue_baseline_100_0
DLinear,ETTh2,192,336,0.3820885419845581,0.41691499948501587,long_term_forecast_DLinear_H192_ETTh2_192_DLinear_ETTh2_ftM_sl336_ll96_pl192_dm512_nh8_el2_dl1_df2048_expand2_dc4_fc3_ebtimeF_dtTrue_baseline_100_0
DLinear,ETTh2,192,336,0.3820885419845581,0.41691499948501587,long_term_forecast_DLinear_MS2021_ETTh2_192_DLinear_ETTh2_ftM_sl336_ll96_pl192_dm512_nh8_el2_dl1_df2048_expand2_dc4_fc3_ebtimeF_dtTrue_multiseed_h192_0
DLinear,ETTh2,192,336,0.3966434895992279,0.4271252453327179,long_term_forecast_DLinear_MS2022_ETTh2_192_DLinear_ETTh2_ftM_sl336_ll96_pl192_dm512_nh8_el2_dl1_df2048_expand2_dc4_fc3_ebtimeF_dtTrue_multiseed_h192_0
DLinear,ETTh2,192,336,0.3997271955013275,0.4297122061252594,long_term_forecast_DLinear_MS2023_ETTh2_192_DLinear_ETTh2_ftM_sl336_ll96_pl192_dm512_nh8_el2_dl1_df2048_expand2_dc4_fc3_ebtimeF_dtTrue_multiseed_h192_0
Informer,ETTh2,192,96,5.8649702072143555,2.0535264015197754,long_term_forecast_Informer_H192_ETTh2_192_Informer_ETTh2_ftM_sl96_ll96_pl192_dm512_nh8_el2_dl1_df2048_expand2_dc4_fc3_ebtimeF_dtTrue_baseline_100_0
PatchFusionBERT_BERTOnly,ETTh2,192,336,0.38953882455825806,0.4296457767486572,long_term_forecast_BERTOnly_H192_ETTh2_192_PatchFusionBERT_BERTOnly_ETTh2_ftM_sl336_ll96_pl192_dm128_nh8_el3_dl1_df512_expand2_dc4_fc3_ebtimeF_dtTrue_Ablation_100_0
PatchFusionBERT_v0,ETTh2,192,336,0.37201127409935,0.40039920806884766,long_term_forecast_PFB_v0_H192_ETTh2_192_PatchFusionBERT_v0_ETTh2_ftM_sl336_ll96_pl192_dm128_nh8_el3_dl1_df512_expand2_dc4_fc3_ebtimeF_dtTrue_PFB_100_0
PatchFusionBERT_v0,ETTh2,192,336,0.37201127409935,0.40039920806884766,long_term_forecast_PFB_v0_MS2021_ETTh2_192_PatchFusionBERT_v0_ETTh2_ftM_sl336_ll96_pl192_dm128_nh8_el3_dl1_df512_expand2_dc4_fc3_ebtimeF_dtTrue_multiseed_h192_0
PatchFusionBERT_v0,ETTh2,192,336,0.37629711627960205,0.4000835418701172,long_term_forecast_PFB_v0_MS2022_ETTh2_192_PatchFusionBERT_v0_ETTh2_ftM_sl336_ll96_pl192_dm128_nh8_el3_dl1_df512_expand2_dc4_fc3_ebtimeF_dtTrue_multiseed_h192_0
PatchFusionBERT_v0,ETTh2,192,336,0.36453014612197876,0.3952651917934418,long_term_forecast_PFB_v0_MS2023_ETTh2_192_PatchFusionBERT_v0_ETTh2_ftM_sl336_ll96_pl192_dm128_nh8_el3_dl1_df512_expand2_dc4_fc3_ebtimeF_dtTrue_multiseed_h192_0
PatchFusionBERT_v2,ETTh2,192,336,0.3672778010368347,0.39518222212791443,long_term_forecast_PFB_v2_H192_ETTh2_192_PatchFusionBERT_v2_ETTh2_ftM_sl336_ll96_pl192_dm128_nh8_el3_dl1_df512_expand2_dc4_fc3_ebtimeF_dtTrue_PFB_100_0
PatchFusionBERT_v2,ETTh2,192,336,0.3672778010368347,0.39518222212791443,long_term_forecast_ETTh2_336_192_MS2021_PatchFusionBERT_v2_ETTh2_ftM_sl336_ll48_pl192_dm128_nh8_el3_dl1_df512_expand2_dc4_fc3_ebtimeF_dtTrue_Exp_0
PatchFusionBERT_v2,ETTh2,192,336,0.3673385679721832,0.39845967292785645,long_term_forecast_ETTh2_336_192_MS2022_PatchFusionBERT_v2_ETTh2_ftM_sl336_ll48_pl192_dm128_nh8_el3_dl1_df512_expand2_dc4_fc3_ebtimeF_dtTrue_Exp_0
PatchFusionBERT_v2,ETTh2,192,336,0.3758302330970764,0.39652395248413086,long_term_forecast_ETTh2_336_192_MS2023_PatchFusionBERT_v2_ETTh2_ftM_sl336_ll48_pl192_dm128_nh8_el3_dl1_df512_expand2_dc4_fc3_ebtimeF_dtTrue_Exp_0
PatchTST,ETTh2,192,336,0.38874056935310364,0.4117979407310486,long_term_forecast_PatchTST_H192_ETTh2_192_PatchTST_ETTh2_ftM_sl336_ll96_pl192_dm128_nh8_el3_dl1_df512_expand2_dc4_fc3_ebtimeF_dtTrue_baseline_100_0
PatchTST,ETTh2,192,336,0.38874056935310364,0.4117979407310486,long_term_forecast_PatchTST_MS2021_ETTh2_192_PatchTST_ETTh2_ftM_sl336_ll96_pl192_dm128_nh8_el3_dl1_df512_expand2_dc4_fc3_ebtimeF_dtTrue_multiseed_h192_0
PatchTST,ETTh2,192,336,0.389241486787796,0.40840214490890503,long_term_forecast_PatchTST_MS2022_ETTh2_192_PatchTST_ETTh2_ftM_sl336_ll96_pl192_dm128_nh8_el3_dl1_df512_expand2_dc4_fc3_ebtimeF_dtTrue_multiseed_h192_0
PatchTST,ETTh2,192,336,0.37640538811683655,0.40356332063674927,long_term_forecast_PatchTST_MS2023_ETTh2_192_PatchTST_ETTh2_ftM_sl336_ll96_pl192_dm128_nh8_el3_dl1_df512_expand2_dc4_fc3_ebtimeF_dtTrue_multiseed_h192_0
TiDE,ETTh2,192,336,0.3516623079776764,0.3902686834335327,long_term_forecast_TiDE_H192_ETTh2_192_TiDE_ETTh2_ftM_sl336_ll96_pl192_dm128_nh8_el2_dl1_df512_expand2_dc4_fc3_ebtimeF_dtTrue_baseline_100_0
TimeXer,ETTh2,192,336,0.3613777160644531,0.3971816599369049,long_term_forecast_TimeXer_H192_ETTh2_192_TimeXer_ETTh2_ftM_sl336_ll96_pl192_dm128_nh8_el2_dl1_df512_expand2_dc4_fc3_ebtimeF_dtTrue_baseline_100_0
Transformer,ETTh2,192,96,4.488413333892822,1.7225699424743652,long_term_forecast_Transformer_H192_ETTh2_192_Transformer_ETTh2_ftM_sl96_ll96_pl192_dm512_nh8_el2_dl1_df2048_expand2_dc4_fc3_ebtimeF_dtTrue_baseline_100_0
iTransformer,ETTh2,192,336,0.3666737675666809,0.4009341299533844,long_term_forecast_iTransformer_H192_ETTh2_192_iTransformer_ETTh2_ftM_sl336_ll96_pl192_dm128_nh8_el2_dl1_df512_expand2_dc4_fc3_ebtimeF_dtTrue_baseline_100_0
DLinear,ETTh2,336,336,0.47470250725746155,0.47726643085479736,long_term_forecast_DLinear_H336_ETTh2_192_DLinear_ETTh2_ftM_sl336_ll168_pl336_dm512_nh8_el2_dl1_df2048_expand2_dc4_fc3_ebtimeF_dtTrue_baseline_100_0
DLinear,ETTh2,336,336,0.48854905366897583,0.48537635803222656,long_term_forecast_DLinear_ETTh2_H336_seed2021_DLinear_ETTh2_ftM_sl336_ll48_pl336_dm512_nh8_el2_dl1_df2048_expand2_dc4_fc1_ebtimeF_dtTrue_test_0
DLinear,ETTh2,336,336,0.49129900336265564,0.48705077171325684,long_term_forecast_DLinear_ETTh2_H336_seed2022_DLinear_ETTh2_ftM_sl336_ll48_pl336_dm512_nh8_el2_dl1_df2048_expand2_dc4_fc1_ebtimeF_dtTrue_test_0
DLinear,ETTh2,336,336,0.4934065639972687,0.48862314224243164,long_term_forecast_DLinear_ETTh2_H336_seed2023_DLinear_ETTh2_ftM_sl336_ll48_pl336_dm512_nh8_el2_dl1_df2048_expand2_dc4_fc1_ebtimeF_dtTrue_test_0
Informer,ETTh2,336,336,2.5357327461242676,1.2800962924957275,long_term_forecast_ETTh2_336_336_Informer_ETTh2_ftM_sl336_ll48_pl336_dm512_nh8_el2_dl1_df2048_expand2_dc4_fc3_ebtimeF_dtTrue_Exp_0
PatchFusionBERT_BERTOnly,ETTh2,336,336,0.5889265537261963,0.553624153137207,long_term_forecast_BERTOnly_H336_ETTh2_192_PatchFusionBERT_BERTOnly_ETTh2_ftM_sl336_ll168_pl336_dm128_nh8_el3_dl1_df512_expand2_dc4_fc3_ebtimeF_dtTrue_Ablation_100_0
PatchFusionBERT_v0,ETTh2,336,336,0.3814277946949005,0.41385334730148315,long_term_forecast_PFB_v0_H336_ETTh2_192_PatchFusionBERT_v0_ETTh2_ftM_sl336_ll168_pl336_dm128_nh8_el3_dl1_df512_expand2_dc4_fc3_ebtimeF_dtTrue_PFB_100_0
PatchFusionBERT_v2,ETTh2,336,336,0.39553478360176086,0.42251238226890564,long_term_forecast_PFB_v2_H336_ETTh2_192_PatchFusionBERT_v2_ETTh2_ftM_sl336_ll168_pl336_dm128_nh8_el3_dl1_df512_expand2_dc4_fc3_ebtimeF_dtTrue_PFB_100_0
PatchTST,ETTh2,336,336,0.40590527653694153,0.429319828748703,long_term_forecast_PatchTST_H336_ETTh2_192_PatchTST_ETTh2_ftM_sl336_ll168_pl336_dm128_nh8_el3_dl1_df512_expand2_dc4_fc3_ebtimeF_dtTrue_baseline_100_0
PatchTST,ETTh2,336,336,0.395018070936203,0.4279845356941223,long_term_forecast_PatchTST_ETTh2_H336_seed2021_PatchTST_ETTh2_ftM_sl336_ll48_pl336_dm128_nh8_el3_dl1_df512_expand2_dc4_fc1_ebtimeF_dtTrue_test_0
PatchTST,ETTh2,336,336,0.400089830160141,0.42940714955329895,long_term_forecast_PatchTST_ETTh2_H336_seed2022_PatchTST_ETTh2_ftM_sl336_ll48_pl336_dm128_nh8_el3_dl1_df512_expand2_dc4_fc1_ebtimeF_dtTrue_test_0
PatchTST,ETTh2,336,336,0.39588111639022827,0.4236738979816437,long_term_forecast_PatchTST_ETTh2_H336_seed2023_PatchTST_ETTh2_ftM_sl336_ll48_pl336_dm128_nh8_el3_dl1_df512_expand2_dc4_fc1_ebtimeF_dtTrue_test_0
TiDE,ETTh2,336,336,0.3736087679862976,0.4109189212322235,long_term_forecast_TiDE_H336_ETTh2_192_TiDE_ETTh2_ftM_sl336_ll168_pl336_dm128_nh8_el2_dl1_df512_expand2_dc4_fc3_ebtimeF_dtTrue_baseline_100_0
TimeXer,ETTh2,336,336,0.3944990038871765,0.4264659583568573,long_term_forecast_TimeXer_H336_ETTh2_192_TimeXer_ETTh2_ftM_sl336_ll168_pl336_dm128_nh8_el2_dl1_df512_expand2_dc4_fc3_ebtimeF_dtTrue_baseline_100_0
iTransformer,ETTh2,336,336,0.3988020420074463,0.4229061007499695,long_term_forecast_iTransformer_H336_ETTh2_192_iTransformer_ETTh2_ftM_sl336_ll168_pl336_dm128_nh8_el2_dl1_df512_expand2_dc4_fc3_ebtimeF_dtTrue_baseline_100_0
Autoformer,ETTm1,96,96,0.5176491141319275,0.47615644335746765,long_term_forecast_Autoformer_100epoch_Autoformer_ETTm1_ftM_sl96_ll48_pl96_dm512_nh8_el2_dl1_df2048_expand2_dc4_fc3_ebtimeF_dtTrue_baseline_100_0
DLinear,ETTm1,96,336,0.2998473048210144,0.34305816888809204,long_term_forecast_DLinear_100epoch_DLinear_ETTm1_ftM_sl336_ll48_pl96_dm512_nh8_el2_dl1_df2048_expand2_dc4_fc1_ebtimeF_dtTrue_baseline_100_0
DLinear,ETTm1,96,336,0.300064355134964,0.3435804843902588,long_term_forecast_DLinear_ETTm1_H96_seed2021_DLinear_ETTm1_ftM_sl336_ll48_pl96_dm512_nh8_el2_dl1_df2048_expand2_dc4_fc1_ebtimeF_dtTrue_test_0
DLinear,ETTm1,96,336,0.2994416356086731,0.34317857027053833,long_term_forecast_DLinear_ETTm1_H96_seed2022_DLinear_ETTm1_ftM_sl336_ll48_pl96_dm512_nh8_el2_dl1_df2048_expand2_dc4_fc1_ebtimeF_dtTrue_test_0
DLinear,ETTm1,96,336,0.299613356590271,0.34307214617729187,long_term_forecast_DLinear_ETTm1_H96_seed2023_DLinear_ETTm1_ftM_sl336_ll48_pl96_dm512_nh8_el2_dl1_df2048_expand2_dc4_fc1_ebtimeF_dtTrue_test_0
Informer,ETTm1,96,96,0.6328575611114502,0.5655583143234253,long_term_forecast_Informer_100epoch_Informer_ETTm1_ftM_sl96_ll48_pl96_dm512_nh8_el2_dl1_df2048_expand2_dc4_fc3_ebtimeF_dtTrue_baseline_100_0
PatchFusionBERT_BERTOnly,ETTm1,96,336,0.296683132648468,0.34855765104293823,long_term_forecast_BERTOnly_100epoch_PatchFusionBERT_BERTOnly_ETTm1_ftM_sl336_ll48_pl96_dm128_nh8_el3_dl1_df512_expand2_dc4_fc1_ebtimeF_dtTrue_Ablation_100_0
PatchFusionBERT_v0,ETTm1,96,336,0.30370619893074036,0.34789031744003296,long_term_forecast_PFB_v0_100epoch_PatchFusionBERT_v0_ETTm1_ftM_sl336_ll48_pl96_dm128_nh8_el3_dl1_df512_expand2_dc4_fc1_ebtimeF_dtTrue_PFB_100_0
PatchFusionBERT_v0,ETTm1,96,96,0.32602226734161377,0.36339643597602844,long_term_forecast_ETTm1_96_96_PatchFusionBERT_v0_ETTm1_ftM_sl96_ll48_pl96_dm512_nh8_el2_dl1_df2048_expand2_dc4_fc3_ebtimeF_dtTrue_Exp_0
PatchFusionBERT_v2,ETTm1,96,336,0.29843229055404663,0.3466307818889618,long_term_forecast_PFB_v2_100epoch_PatchFusionBERT_v2_ETTm1_ftM_sl336_ll48_pl96_dm128_nh8_el3_dl1_df512_expand2_dc4_fc1_ebtimeF_dtTrue_PFB_100_0
PatchFusionBERT_v2,ETTm1,96,96,0.33423805236816406,0.3689018487930298,long_term_forecast_ETTm1_96_96_PatchFusionBERT_v2_ETTm1_ftM_sl96_ll48_pl96_dm512_nh8_el2_dl1_df2048_expand2_dc4_fc3_ebtimeF_dtTrue_Exp_0
PatchTST,ETTm1,96,336,0.2981731593608856,0.3489706814289093,long_term_forecast_PatchTST_100epoch_PatchTST_ETTm1_ftM_sl336_ll48_pl96_dm128_nh8_el3_dl1_df512_expand2_dc4_fc1_ebtimeF_dtTrue_baseline_100_0
PatchTST,ETTm1,96,336,0.2904057800769806,0.3471839129924774,long_term_forecast_PatchTST_ETTm1_H96_seed2021_PatchTST_ETTm1_ftM_sl336_ll48_pl96_dm128_nh8_el3_dl1_df512_expand2_dc4_fc1_ebtimeF_dtTrue_test_0
PatchTST,ETTm1,96,336,0.29481181502342224,0.3483518064022064,long_term_forecast_PatchTST_ETTm1_H96_seed2022_PatchTST_ETTm1_ftM_sl336_ll48_pl96_dm128_nh8_el3_dl1_df512_expand2_dc4_fc1_ebtimeF_dtTrue_test_0
PatchTST,ETTm1,96,336,0.2965870499610901,0.34757161140441895,long_term_forecast_PatchTST_ETTm1_H96_seed2023_PatchTST_ETTm1_ftM_sl336_ll48_pl96_dm128_nh8_el3_dl1_df512_expand2_dc4_fc1_ebtimeF_dtTrue_test_0
TiDE,ETTm1,96,336,0.30686715245246887,0.3485134243965149,long_term_forecast_TiDE_100epoch_TiDE_ETTm1_ftM_sl336_ll48_pl96_dm128_nh8_el2_dl1_df512_expand2_dc4_fc1_ebtimeF_dtTrue_baseline_100_0
TimeXer,ETTm1,96,336,0.31599125266075134,0.3613562285900116,long_term_forecast_TimeXer_100epoch_TimeXer_ETTm1_ftM_sl336_ll48_pl96_dm128_nh8_el2_dl1_df512_expand2_dc4_fc1_ebtimeF_dtTrue_baseline_100_0
Transformer,ETTm1,96,96,0.6848092675209045,0.6035869121551514,long_term_forecast_Transformer_100epoch_Transformer_ETTm1_ftM_sl96_ll48_pl96_dm512_nh8_el2_dl1_df2048_expand2_dc4_fc1_ebtimeF_dtTrue_baseline_100_0
iTransformer,ETTm1,96,336,0.3099287152290344,0.36134767532348633,long_term_forecast_iTransformer_100epoch_iTransformer_ETTm1_ftM_sl336_ll48_pl96_dm128_nh8_el2_dl1_df512_expand2_dc4_fc1_ebtimeF_dtTrue_baseline_100_0
Autoformer,ETTm1,192,96,0.4096301794052124,0.4442274272441864,long_term_forecast_Autoformer_H192_ETTm1_192_Autoformer_ETTm1_ftM_sl96_ll96_pl192_dm512_nh8_el2_dl1_df2048_expand2_dc4_fc3_ebtimeF_dtTrue_baseline_100_0
DLinear,ETTm1,192,336,0.3344587981700897,0.36490657925605774,long_term_forecast_DLinear_H192_ETTm1_192_DLinear_ETTm1_ftM_sl336_ll96_pl192_dm512_nh8_el2_dl1_df2048_expand2_dc4_fc3_ebtimeF_dtTrue_baseline_100_0
DLinear,ETTm1,192,336,0.3344587981700897,0.36490657925605774,long_term_forecast_DLinear_MS2021_ETTm1_192_DLinear_ETTm1_ftM_sl336_ll96_pl192_dm512_nh8_el2_dl1_df2048_expand2_dc4_fc3_ebtimeF_dtTrue_multiseed_h192_0
DLinear,ETTm1,192,336,0.3342861533164978,0.36439988017082214,long_term_forecast_DLinear_MS2022_ETTm1_192_DLinear_ETTm1_ftM_sl336_ll96_pl192_dm512_nh8_el2_dl1_df2048_expand2_dc4_fc3_ebtimeF_dtTrue_multiseed_h192_0
DLinear,ETTm1,192,336,0.3339644968509674,0.36373966932296753,long_term_forecast_DLinear_MS2023_ETTm1_192_DLinear_ETTm1_ftM_sl336_ll96_pl192_dm512_nh8_el2_dl1_df2048_expand2_dc4_fc3_ebtimeF_dtTrue_multiseed_h192_0
Informer,ETTm1,192,96,0.7426708340644836,0.6354346871376038,long_term_forecast_Informer_H192_ETTm1_192_Informer_ETTm1_ftM_sl96_ll96_pl192_dm512_nh8_el2_dl1_df2048_expand2_dc4_fc3_ebtimeF_dtTrue_baseline_100_0
PatchFusionBERT_BERTOnly,ETTm1,192,336,0.33834800124168396,0.37151819467544556,long_term_forecast_BERTOnly_H192_ETTm1_192_PatchFusionBERT_BERTOnly_ETTm1_ftM_sl336_ll96_pl192_dm128_nh8_el3_dl1_df512_expand2_dc4_fc3_ebtimeF_dtTrue_Ablation_100_0
PatchFusionBERT_v0,ETTm1,192,336,0.34262603521347046,0.37474527955055237,long_term_forecast_PFB_v0_H192_ETTm1_192_PatchFusionBERT_v0_ETTm1_ftM_sl336_ll96_pl192_dm128_nh8_el3_dl1_df512_expand2_dc4_fc3_ebtimeF_dtTrue_PFB_100_0
PatchFusionBERT_v0,ETTm1,192,336,0.34262603521347046,0.37474527955055237,long_term_forecast_PFB_v0_MS2021_ETTm1_192_PatchFusionBERT_v0_ETTm1_ftM_sl336_ll96_pl192_dm128_nh8_el3_dl1_df512_expand2_dc4_fc3_ebtimeF_dtTrue_multiseed_h192_0
PatchFusionBERT_v0,ETTm1,192,336,0.34127649664878845,0.3773002028465271,long_term_forecast_PFB_v0_MS2022_ETTm1_192_PatchFusionBERT_v0_ETTm1_ftM_sl336_ll96_pl192_dm128_nh8_el3_dl1_df512_expand2_dc4_fc3_ebtimeF_dtTrue_multiseed_h192_0
PatchFusionBERT_v0,ETTm1,192,336,0.3382517993450165,0.3735998868942261,long_term_forecast_PFB_v0_MS2023_ETTm1_192_PatchFusionBERT_v0_ETTm1_ftM_sl336_ll96_pl192_dm128_nh8_el3_dl1_df512_expand2_dc4_fc3_ebtimeF_dtTrue_multiseed_h192_0
PatchFusionBERT_v0,ETTm1,192,96,0.36847108602523804,0.38931402564048767,long_term_forecast_ETTm1_96_192_PatchFusionBERT_v0_ETTm1_ftM_sl96_ll48_pl192_dm512_nh8_el2_dl1_df2048_expand2_dc4_fc3_ebtimeF_dtTrue_Exp_0
PatchFusionBERT_v2,ETTm1,192,336,0.33255892992019653,0.36900731921195984,long_term_forecast_PFB_v2_H192_ETTm1_192_PatchFusionBERT_v2_ETTm1_ftM_sl336_ll96_pl192_dm128_nh8_el3_dl1_df512_expand2_dc4_fc3_ebtimeF_dtTrue_PFB_100_0
PatchFusionBERT_v2,ETTm1,192,336,0.33255892992019653,0.36900731921195984,long_term_forecast_ETTm1_336_192_MS2021_PatchFusionBERT_v2_ETTm1_ftM_sl336_ll48_pl192_dm128_nh8_el3_dl1_df512_expand2_dc4_fc3_ebtimeF_dtTrue_Exp_0
PatchFusionBERT_v2,ETTm1,192,336,0.3443734347820282,0.3776055872440338,long_term_forecast_ETTm1_336_192_MS2022_PatchFusionBERT_v2_ETTm1_ftM_sl336_ll48_pl192_dm128_nh8_el3_dl1_df512_expand2_dc4_fc3_ebtimeF_dtTrue_Exp_0
PatchFusionBERT_v2,ETTm1,192,336,0.3504384756088257,0.3837050497531891,long_term_forecast_ETTm1_336_192_MS2023_PatchFusionBERT_v2_ETTm1_ftM_sl336_ll48_pl192_dm128_nh8_el3_dl1_df512_expand2_dc4_fc3_ebtimeF_dtTrue_Exp_0
PatchTST,ETTm1,192,336,0.34289929270744324,0.37755632400512695,long_term_forecast_PatchTST_H192_ETTm1_192_PatchTST_ETTm1_ftM_sl336_ll96_pl192_dm128_nh8_el3_dl1_df512_expand2_dc4_fc3_ebtimeF_dtTrue_baseline_100_0
PatchTST,ETTm1,192,336,0.34289929270744324,0.37755632400512695,long_term_forecast_PatchTST_MS2021_ETTm1_192_PatchTST_ETTm1_ftM_sl336_ll96_pl192_dm128_nh8_el3_dl1_df512_expand2_dc4_fc3_ebtimeF_dtTrue_multiseed_h192_0
PatchTST,ETTm1,192,336,0.33457908034324646,0.3765772581100464,long_term_forecast_PatchTST_MS2022_ETTm1_192_PatchTST_ETTm1_ftM_sl336_ll96_pl192_dm128_nh8_el3_dl1_df512_expand2_dc4_fc3_ebtimeF_dtTrue_multiseed_h192_0
PatchTST,ETTm1,192,336,0.33540835976600647,0.3741045296192169,long_term_forecast_PatchTST_MS2023_ETTm1_192_PatchTST_ETTm1_ftM_sl336_ll96_pl192_dm128_nh8_el3_dl1_df512_expand2_dc4_fc3_ebtimeF_dtTrue_multiseed_h192_0
TiDE,ETTm1,192,336,0.3416088819503784,0.3690369427204132,long_term_forecast_TiDE_H192_ETTm1_192_TiDE_ETTm1_ftM_sl336_ll96_pl192_dm128_nh8_el2_dl1_df512_expand2_dc4_fc3_ebtimeF_dtTrue_baseline_100_0
TimeXer,ETTm1,192,336,0.3611519932746887,0.3861735165119171,long_term_forecast_TimeXer_H192_ETTm1_192_TimeXer_ETTm1_ftM_sl336_ll96_pl192_dm128_nh8_el2_dl1_df512_expand2_dc4_fc3_ebtimeF_dtTrue_baseline_100_0
Transformer,ETTm1,192,96,0.6340023875236511,0.5844880938529968,long_term_forecast_Transformer_H192_ETTm1_192_Transformer_ETTm1_ftM_sl96_ll96_pl192_dm512_nh8_el2_dl1_df2048_expand2_dc4_fc3_ebtimeF_dtTrue_baseline_100_0
iTransformer,ETTm1,192,336,0.3424321711063385,0.3800835907459259,long_term_forecast_iTransformer_H192_ETTm1_192_iTransformer_ETTm1_ftM_sl336_ll96_pl192_dm128_nh8_el2_dl1_df512_expand2_dc4_fc3_ebtimeF_dtTrue_baseline_100_0
DLinear,ETTm1,336,336,0.3694767355918884,0.38590207695961,long_term_forecast_DLinear_H336_ETTm1_192_DLinear_ETTm1_ftM_sl336_ll168_pl336_dm512_nh8_el2_dl1_df2048_expand2_dc4_fc3_ebtimeF_dtTrue_baseline_100_0
DLinear,ETTm1,336,336,0.36943957209587097,0.3858473598957062,long_term_forecast_DLinear_ETTm1_H336_seed2021_DLinear_ETTm1_ftM_sl336_ll48_pl336_dm512_nh8_el2_dl1_df2048_expand2_dc4_fc1_ebtimeF_dtTrue_test_0
DLinear,ETTm1,336,336,0.3719222843647003,0.38822871446609497,long_term_forecast_DLinear_ETTm1_H336_seed2022_DLinear_ETTm1_ftM_sl336_ll48_pl336_dm512_nh8_el2_dl1_df2048_expand2_dc4_fc1_ebtimeF_dtTrue_test_0
DLinear,ETTm1,336,336,0.3728924095630646,0.39107370376586914,long_term_forecast_DLinear_ETTm1_H336_seed2023_DLinear_ETTm1_ftM_sl336_ll48_pl336_dm512_nh8_el2_dl1_df2048_expand2_dc4_fc1_ebtimeF_dtTrue_test_0
Informer,ETTm1,336,336,1.2423101663589478,0.8966454863548279,long_term_forecast_ETTm1_336_336_Informer_ETTm1_ftM_sl336_ll48_pl336_dm512_nh8_el2_dl1_df2048_expand2_dc4_fc3_ebtimeF_dtTrue_Exp_0
PatchFusionBERT_BERTOnly,ETTm1,336,336,0.3914736807346344,0.4119325578212738,long_term_forecast_BERTOnly_H336_ETTm1_192_PatchFusionBERT_BERTOnly_ETTm1_ftM_sl336_ll168_pl336_dm128_nh8_el3_dl1_df512_expand2_dc4_fc3_ebtimeF_dtTrue_Ablation_100_0
PatchFusionBERT_v0,ETTm1,336,336,0.38225868344306946,0.39914095401763916,long_term_forecast_PFB_v0_H336_ETTm1_192_PatchFusionBERT_v0_ETTm1_ftM_sl336_ll168_pl336_dm128_nh8_el3_dl1_df512_expand2_dc4_fc3_ebtimeF_dtTrue_PFB_100_0
PatchFusionBERT_v0,ETTm1,336,96,0.41074687242507935,0.41719427704811096,long_term_forecast_ETTm1_96_336_PatchFusionBERT_v0_ETTm1_ftM_sl96_ll48_pl336_dm512_nh8_el2_dl1_df2048_expand2_dc4_fc3_ebtimeF_dtTrue_Exp_0
PatchFusionBERT_v2,ETTm1,336,336,0.36945074796676636,0.39610999822616577,long_term_forecast_PFB_v2_H336_ETTm1_192_PatchFusionBERT_v2_ETTm1_ftM_sl336_ll168_pl336_dm128_nh8_el3_dl1_df512_expand2_dc4_fc3_ebtimeF_dtTrue_PFB_100_0
PatchTST,ETTm1,336,336,0.37405356764793396,0.3981127440929413,long_term_forecast_PatchTST_H336_ETTm1_192_PatchTST_ETTm1_ftM_sl336_ll168_pl336_dm128_nh8_el3_dl1_df512_expand2_dc4_fc3_ebtimeF_dtTrue_baseline_100_0
PatchTST,ETTm1,336,336,0.3687138259410858,0.3946332037448883,long_term_forecast_PatchTST_ETTm1_H336_seed2021_PatchTST_ETTm1_ftM_sl336_ll48_pl336_dm128_nh8_el3_dl1_df512_expand2_dc4_fc1_ebtimeF_dtTrue_test_0
PatchTST,ETTm1,336,336,0.3670099973678589,0.39331427216529846,long_term_forecast_PatchTST_ETTm1_H336_seed2022_PatchTST_ETTm1_ftM_sl336_ll48_pl336_dm128_nh8_el3_dl1_df512_expand2_dc4_fc1_ebtimeF_dtTrue_test_0
PatchTST,ETTm1,336,336,0.3690343201160431,0.3943803906440735,long_term_forecast_PatchTST_ETTm1_H336_seed2023_PatchTST_ETTm1_ftM_sl336_ll48_pl336_dm128_nh8_el3_dl1_df512_expand2_dc4_fc1_ebtimeF_dtTrue_test_0
TiDE,ETTm1,336,336,0.3810834586620331,0.39289724826812744,long_term_forecast_TiDE_H336_ETTm1_192_TiDE_ETTm1_ftM_sl336_ll168_pl336_dm128_nh8_el2_dl1_df512_expand2_dc4_fc3_ebtimeF_dtTrue_baseline_100_0
TimeXer,ETTm1,336,336,0.38630211353302,0.4051761329174042,long_term_forecast_TimeXer_H336_ETTm1_192_TimeXer_ETTm1_ftM_sl336_ll168_pl336_dm128_nh8_el2_dl1_df512_expand2_dc4_fc3_ebtimeF_dtTrue_baseline_100_0
iTransformer,ETTm1,336,336,0.37863022089004517,0.4014627933502197,long_term_forecast_iTransformer_H336_ETTm1_192_iTransformer_ETTm1_ftM_sl336_ll168_pl336_dm128_nh8_el2_dl1_df512_expand2_dc4_fc3_ebtimeF_dtTrue_baseline_100_0
PatchFusionBERT_v0,ETTm1,720,96,0.45810359716415405,0.4469093084335327,long_term_forecast_ETTm1_96_720_PatchFusionBERT_v0_ETTm1_ftM_sl96_ll48_pl720_dm512_nh8_el2_dl1_df2048_expand2_dc4_fc3_ebtimeF_dtTrue_Exp_0
Autoformer,ETTm2,96,96,0.2294452041387558,0.3118225932121277,long_term_forecast_Autoformer_100epoch_Autoformer_ETTm2_ftM_sl96_ll48_pl96_dm512_nh8_el2_dl1_df2048_expand2_dc4_fc3_ebtimeF_dtTrue_baseline_100_0
DLinear,ETTm2,96,336,0.1684308797121048,0.26443082094192505,long_term_forecast_DLinear_100epoch_DLinear_ETTm2_ftM_sl336_ll48_pl96_dm512_nh8_el2_dl1_df2048_expand2_dc4_fc1_ebtimeF_dtTrue_baseline_100_0
DLinear,ETTm2,96,336,0.16939815878868103,0.26572561264038086,long_term_forecast_DLinear_ETTm2_H96_seed2021_DLinear_ETTm2_ftM_sl336_ll48_pl96_dm512_nh8_el2_dl1_df2048_expand2_dc4_fc1_ebtimeF_dtTrue_test_0
DLinear,ETTm2,96,336,0.1671711802482605,0.26204004883766174,long_term_forecast_DLinear_ETTm2_H96_seed2022_DLinear_ETTm2_ftM_sl336_ll48_pl96_dm512_nh8_el2_dl1_df2048_expand2_dc4_fc1_ebtimeF_dtTrue_test_0
DLinear,ETTm2,96,336,0.16858631372451782,0.2650424838066101,long_term_forecast_DLinear_ETTm2_H96_seed2023_DLinear_ETTm2_ftM_sl336_ll48_pl96_dm512_nh8_el2_dl1_df2048_expand2_dc4_fc1_ebtimeF_dtTrue_test_0
Informer,ETTm2,96,96,0.3709535002708435,0.4555438160896301,long_term_forecast_Informer_100epoch_Informer_ETTm2_ftM_sl96_ll48_pl96_dm512_nh8_el2_dl1_df2048_expand2_dc4_fc3_ebtimeF_dtTrue_baseline_100_0
PatchFusionBERT_BERTOnly,ETTm2,96,336,0.22069071233272552,0.2792532444000244,long_term_forecast_BERTOnly_100epoch_PatchFusionBERT_BERTOnly_ETTm2_ftM_sl336_ll48_pl96_dm128_nh8_el3_dl1_df512_expand2_dc4_fc1_ebtimeF_dtTrue_Ablation_100_0
PatchFusionBERT_v0,ETTm2,96,336,0.1679251790046692,0.25711220502853394,long_term_forecast_PFB_v0_100epoch_PatchFusionBERT_v0_ETTm2_ftM_sl336_ll48_pl96_dm128_nh8_el3_dl1_df512_expand2_dc4_fc1_ebtimeF_dtTrue_PFB_100_0
PatchFusionBERT_v2,ETTm2,96,336,0.1695358157157898,0.25669148564338684,long_term_forecast_PFB_v2_100epoch_PatchFusionBERT_v2_ETTm2_ftM_sl336_ll48_pl96_dm128_nh8_el3_dl1_df512_expand2_dc4_fc1_ebtimeF_dtTrue_PFB_100_0
PatchTST,ETTm2,96,336,0.17282205820083618,0.2640388607978821,long_term_forecast_PatchTST_100epoch_PatchTST_ETTm2_ftM_sl336_ll48_pl96_dm128_nh8_el3_dl1_df512_expand2_dc4_fc1_ebtimeF_dtTrue_baseline_100_0
PatchTST,ETTm2,96,336,0.1741941273212433,0.26267698407173157,long_term_forecast_PatchTST_ETTm2_H96_seed2021_PatchTST_ETTm2_ftM_sl336_ll48_pl96_dm128_nh8_el3_dl1_df512_expand2_dc4_fc1_ebtimeF_dtTrue_test_0
PatchTST,ETTm2,96,336,0.17748494446277618,0.26487404108047485,long_term_forecast_PatchTST_ETTm2_H96_seed2022_PatchTST_ETTm2_ftM_sl336_ll48_pl96_dm128_nh8_el3_dl1_df512_expand2_dc4_fc1_ebtimeF_dtTrue_test_0
PatchTST,ETTm2,96,336,0.17101028561592102,0.2602415680885315,long_term_forecast_PatchTST_ETTm2_H96_seed2023_PatchTST_ETTm2_ftM_sl336_ll48_pl96_dm128_nh8_el3_dl1_df512_expand2_dc4_fc1_ebtimeF_dtTrue_test_0
TiDE,ETTm2,96,336,0.16901163756847382,0.25952139496803284,long_term_forecast_TiDE_100epoch_TiDE_ETTm2_ftM_sl336_ll48_pl96_dm128_nh8_el2_dl1_df512_expand2_dc4_fc1_ebtimeF_dtTrue_baseline_100_0
TimeXer,ETTm2,96,336,0.17164158821105957,0.2562199532985687,long_term_forecast_TimeXer_100epoch_TimeXer_ETTm2_ftM_sl336_ll48_pl96_dm128_nh8_el2_dl1_df512_expand2_dc4_fc1_ebtimeF_dtTrue_baseline_100_0
Transformer,ETTm2,96,96,0.5292701721191406,0.5343879461288452,long_term_forecast_Transformer_100epoch_Transformer_ETTm2_ftM_sl96_ll48_pl96_dm512_nh8_el2_dl1_df2048_expand2_dc4_fc1_ebtimeF_dtTrue_baseline_100_0
iTransformer,ETTm2,96,336,0.1749095469713211,0.26603126525878906,long_term_forecast_iTransformer_100epoch_iTransformer_ETTm2_ftM_sl336_ll48_pl96_dm128_nh8_el2_dl1_df512_expand2_dc4_fc1_ebtimeF_dtTrue_baseline_100_0
Autoformer,ETTm2,192,96,0.2746172249317169,0.3339967727661133,long_term_forecast_Autoformer_H192_ETTm2_192_Autoformer_ETTm2_ftM_sl96_ll96_pl192_dm512_nh8_el2_dl1_df2048_expand2_dc4_fc3_ebtimeF_dtTrue_baseline_100_0
DLinear,ETTm2,192,336,0.23572883009910583,0.31527718901634216,long_term_forecast_DLinear_H192_ETTm2_192_DLinear_ETTm2_ftM_sl336_ll96_pl192_dm512_nh8_el2_dl1_df2048_expand2_dc4_fc3_ebtimeF_dtTrue_baseline_100_0
DLinear,ETTm2,192,336,0.23572883009910583,0.31527718901634216,long_term_forecast_DLinear_PREFLIGHT_ETTm2_192_DLinear_ETTm2_ftM_sl336_ll96_pl192_dm512_nh8_el2_dl1_df2048_expand2_dc4_fc3_ebtimeF_dtTrue_preflight_test_0
DLinear,ETTm2,192,336,0.23572883009910583,0.31527718901634216,long_term_forecast_DLinear_CALIBRATE_ETTm2_192_DLinear_ETTm2_ftM_sl336_ll96_pl192_dm512_nh8_el2_dl1_df2048_expand2_dc4_fc3_ebtimeF_dtTrue_calibration_dlinear_ettm2_0
DLinear,ETTm2,192,336,0.23572883009910583,0.31527718901634216,long_term_forecast_DLinear_MS2021_ETTm2_192_DLinear_ETTm2_ftM_sl336_ll96_pl192_dm512_nh8_el2_dl1_df2048_expand2_dc4_fc3_ebtimeF_dtTrue_multiseed_h192_0
DLinear,ETTm2,192,336,0.23513105511665344,0.3166883885860443,long_term_forecast_DLinear_MS2022_ETTm2_192_DLinear_ETTm2_ftM_sl336_ll96_pl192_dm512_nh8_el2_dl1_df2048_expand2_dc4_fc3_ebtimeF_dtTrue_multiseed_h192_0
DLinear,ETTm2,192,336,0.23227185010910034,0.3129544258117676,long_term_forecast_DLinear_MS2023_ETTm2_192_DLinear_ETTm2_ftM_sl336_ll96_pl192_dm512_nh8_el2_dl1_df2048_expand2_dc4_fc3_ebtimeF_dtTrue_multiseed_h192_0
Informer,ETTm2,192,96,0.8214552998542786,0.7264002561569214,long_term_forecast_Informer_H192_ETTm2_192_Informer_ETTm2_ftM_sl96_ll96_pl192_dm512_nh8_el2_dl1_df2048_expand2_dc4_fc3_ebtimeF_dtTrue_baseline_100_0
PatchFusionBERT_BERTOnly,ETTm2,192,336,0.3558296859264374,0.3335564136505127,long_term_forecast_BERTOnly_H192_ETTm2_192_PatchFusionBERT_BERTOnly_ETTm2_ftM_sl336_ll96_pl192_dm128_nh8_el3_dl1_df512_expand2_dc4_fc3_ebtimeF_dtTrue_Ablation_100_0
PatchFusionBERT_v0,ETTm2,192,336,0.23469436168670654,0.29971960186958313,long_term_forecast_PFB_v0_H192_ETTm2_192_PatchFusionBERT_v0_ETTm2_ftM_sl336_ll96_pl192_dm128_nh8_el3_dl1_df512_expand2_dc4_fc3_ebtimeF_dtTrue_PFB_100_0
PatchFusionBERT_v0,ETTm2,192,336,0.23469436168670654,0.29971960186958313,long_term_forecast_PFB_v0_CALIBRATE_ETTm2_192_PatchFusionBERT_v0_ETTm2_ftM_sl336_ll96_pl192_dm128_nh8_el3_dl1_df512_expand2_dc4_fc3_ebtimeF_dtTrue_calibration_pfb_ettm2_0
PatchFusionBERT_v0,ETTm2,192,336,0.23469436168670654,0.29971960186958313,long_term_forecast_PFB_v0_MS2021_ETTm2_192_PatchFusionBERT_v0_ETTm2_ftM_sl336_ll96_pl192_dm128_nh8_el3_dl1_df512_expand2_dc4_fc3_ebtimeF_dtTrue_multiseed_h192_0
PatchFusionBERT_v0,ETTm2,192,336,0.22495286166667938,0.29586270451545715,long_term_forecast_PFB_v0_MS2022_ETTm2_192_PatchFusionBERT_v0_ETTm2_ftM_sl336_ll96_pl192_dm128_nh8_el3_dl1_df512_expand2_dc4_fc3_ebtimeF_dtTrue_multiseed_h192_0
PatchFusionBERT_v0,ETTm2,192,336,0.22631341218948364,0.29649966955184937,long_term_forecast_PFB_v0_MS2023_ETTm2_192_PatchFusionBERT_v0_ETTm2_ftM_sl336_ll96_pl192_dm128_nh8_el3_dl1_df512_expand2_dc4_fc3_ebtimeF_dtTrue_multiseed_h192_0
PatchFusionBERT_v2,ETTm2,192,336,0.23469646275043488,0.30013155937194824,long_term_forecast_PFB_v2_H192_ETTm2_192_PatchFusionBERT_v2_ETTm2_ftM_sl336_ll96_pl192_dm128_nh8_el3_dl1_df512_expand2_dc4_fc3_ebtimeF_dtTrue_PFB_100_0
PatchFusionBERT_v2,ETTm2,192,336,0.23469646275043488,0.30013155937194824,long_term_forecast_ETTm2_336_192_MS2021_PatchFusionBERT_v2_ETTm2_ftM_sl336_ll48_pl192_dm128_nh8_el3_dl1_df512_expand2_dc4_fc3_ebtimeF_dtTrue_Exp_0
PatchFusionBERT_v2,ETTm2,192,336,0.23301734030246735,0.2987436056137085,long_term_forecast_ETTm2_336_192_MS2022_PatchFusionBERT_v2_ETTm2_ftM_sl336_ll48_pl192_dm128_nh8_el3_dl1_df512_expand2_dc4_fc3_ebtimeF_dtTrue_Exp_0
PatchFusionBERT_v2,ETTm2,192,336,0.22768576443195343,0.29435989260673523,long_term_forecast_ETTm2_336_192_MS2023_PatchFusionBERT_v2_ETTm2_ftM_sl336_ll48_pl192_dm128_nh8_el3_dl1_df512_expand2_dc4_fc3_ebtimeF_dtTrue_Exp_0
PatchTST,ETTm2,192,336,0.22819937765598297,0.30184659361839294,long_term_forecast_PatchTST_H192_ETTm2_192_PatchTST_ETTm2_ftM_sl336_ll96_pl192_dm128_nh8_el3_dl1_df512_expand2_dc4_fc3_ebtimeF_dtTrue_baseline_100_0
PatchTST,ETTm2,192,336,0.22819937765598297,0.30184659361839294,long_term_forecast_PatchTST_MS2021_ETTm2_192_PatchTST_ETTm2_ftM_sl336_ll96_pl192_dm128_nh8_el3_dl1_df512_expand2_dc4_fc3_ebtimeF_dtTrue_multiseed_h192_0
PatchTST,ETTm2,192,336,0.23605971038341522,0.3067418038845062,long_term_forecast_PatchTST_MS2022_ETTm2_192_PatchTST_ETTm2_ftM_sl336_ll96_pl192_dm128_nh8_el3_dl1_df512_expand2_dc4_fc3_ebtimeF_dtTrue_multiseed_h192_0
PatchTST,ETTm2,192,336,0.24005122482776642,0.3122117519378662,long_term_forecast_PatchTST_MS2023_ETTm2_192_PatchTST_ETTm2_ftM_sl336_ll96_pl192_dm128_nh8_el3_dl1_df512_expand2_dc4_fc3_ebtimeF_dtTrue_multiseed_h192_0
TiDE,ETTm2,192,336,0.2241380214691162,0.29645276069641113,long_term_forecast_TiDE_H192_ETTm2_192_TiDE_ETTm2_ftM_sl336_ll96_pl192_dm128_nh8_el2_dl1_df512_expand2_dc4_fc3_ebtimeF_dtTrue_baseline_100_0
TimeXer,ETTm2,192,336,0.23107779026031494,0.2986055016517639,long_term_forecast_TimeXer_H192_ETTm2_192_TimeXer_ETTm2_ftM_sl336_ll96_pl192_dm128_nh8_el2_dl1_df512_expand2_dc4_fc3_ebtimeF_dtTrue_baseline_100_0
Transformer,ETTm2,192,96,1.2392427921295166,0.835335910320282,long_term_forecast_Transformer_H192_ETTm2_192_Transformer_ETTm2_ftM_sl96_ll96_pl192_dm512_nh8_el2_dl1_df2048_expand2_dc4_fc3_ebtimeF_dtTrue_baseline_100_0
iTransformer,ETTm2,192,336,0.24749721586704254,0.3139020800590515,long_term_forecast_iTransformer_H192_ETTm2_192_iTransformer_ETTm2_ftM_sl336_ll96_pl192_dm128_nh8_el2_dl1_df512_expand2_dc4_fc3_ebtimeF_dtTrue_baseline_100_0
DLinear,ETTm2,336,336,0.3009934723377228,0.3633274435997009,long_term_forecast_DLinear_H336_ETTm2_192_DLinear_ETTm2_ftM_sl336_ll168_pl336_dm512_nh8_el2_dl1_df2048_expand2_dc4_fc3_ebtimeF_dtTrue_baseline_100_0
DLinear,ETTm2,336,336,0.3044562041759491,0.3659506142139435,long_term_forecast_DLinear_ETTm2_H336_seed2021_DLinear_ETTm2_ftM_sl336_ll48_pl336_dm512_nh8_el2_dl1_df2048_expand2_dc4_fc1_ebtimeF_dtTrue_test_0
DLinear,ETTm2,336,336,0.30131667852401733,0.3626420795917511,long_term_forecast_DLinear_ETTm2_H336_seed2022_DLinear_ETTm2_ftM_sl336_ll48_pl336_dm512_nh8_el2_dl1_df2048_expand2_dc4_fc1_ebtimeF_dtTrue_test_0
DLinear,ETTm2,336,336,0.3173547387123108,0.37733176350593567,long_term_forecast_DLinear_ETTm2_H336_seed2023_DLinear_ETTm2_ftM_sl336_ll48_pl336_dm512_nh8_el2_dl1_df2048_expand2_dc4_fc1_ebtimeF_dtTrue_test_0
Informer,ETTm2,336,336,3.2361109256744385,1.40924870967865,long_term_forecast_ETTm2_336_336_Informer_ETTm2_ftM_sl336_ll48_pl336_dm512_nh8_el2_dl1_df2048_expand2_dc4_fc3_ebtimeF_dtTrue_Exp_0
PatchFusionBERT_BERTOnly,ETTm2,336,336,0.3516416549682617,0.3691440522670746,long_term_forecast_BERTOnly_H336_ETTm2_192_PatchFusionBERT_BERTOnly_ETTm2_ftM_sl336_ll168_pl336_dm128_nh8_el3_dl1_df512_expand2_dc4_fc3_ebtimeF_dtTrue_Ablation_100_0
PatchFusionBERT_v0,ETTm2,336,336,0.273871511220932,0.32909080386161804,long_term_forecast_PFB_v0_H336_ETTm2_192_PatchFusionBERT_v0_ETTm2_ftM_sl336_ll168_pl336_dm128_nh8_el3_dl1_df512_expand2_dc4_fc3_ebtimeF_dtTrue_PFB_100_0
PatchFusionBERT_v2,ETTm2,336,336,0.301374614238739,0.3496493399143219,long_term_forecast_PFB_v2_H336_ETTm2_192_PatchFusionBERT_v2_ETTm2_ftM_sl336_ll168_pl336_dm128_nh8_el3_dl1_df512_expand2_dc4_fc3_ebtimeF_dtTrue_PFB_100_0
PatchTST,ETTm2,336,336,0.2934870719909668,0.34565988183021545,long_term_forecast_PatchTST_H336_ETTm2_192_PatchTST_ETTm2_ftM_sl336_ll168_pl336_dm128_nh8_el3_dl1_df512_expand2_dc4_fc3_ebtimeF_dtTrue_baseline_100_0
PatchTST,ETTm2,336,336,0.29022347927093506,0.34257543087005615,long_term_forecast_PatchTST_ETTm2_H336_seed2021_PatchTST_ETTm2_ftM_sl336_ll48_pl336_dm128_nh8_el3_dl1_df512_expand2_dc4_fc1_ebtimeF_dtTrue_test_0
PatchTST,ETTm2,336,336,0.2988978326320648,0.350359171628952,long_term_forecast_PatchTST_ETTm2_H336_seed2022_PatchTST_ETTm2_ftM_sl336_ll48_pl336_dm128_nh8_el3_dl1_df512_expand2_dc4_fc1_ebtimeF_dtTrue_test_0
PatchTST,ETTm2,336,336,0.30045896768569946,0.34565818309783936,long_term_forecast_PatchTST_ETTm2_H336_seed2023_PatchTST_ETTm2_ftM_sl336_ll48_pl336_dm128_nh8_el3_dl1_df512_expand2_dc4_fc1_ebtimeF_dtTrue_test_0
TiDE,ETTm2,336,336,0.27799898386001587,0.3314071595668793,long_term_forecast_TiDE_H336_ETTm2_192_TiDE_ETTm2_ftM_sl336_ll168_pl336_dm128_nh8_el2_dl1_df512_expand2_dc4_fc3_ebtimeF_dtTrue_baseline_100_0
TimeXer,ETTm2,336,336,0.28701043128967285,0.33514490723609924,long_term_forecast_TimeXer_H336_ETTm2_192_TimeXer_ETTm2_ftM_sl336_ll168_pl336_dm128_nh8_el2_dl1_df512_expand2_dc4_fc3_ebtimeF_dtTrue_baseline_100_0
iTransformer,ETTm2,336,336,0.302023708820343,0.34835508465766907,long_term_forecast_iTransformer_H336_ETTm2_192_iTransformer_ETTm2_ftM_sl336_ll168_pl336_dm128_nh8_el2_dl1_df512_expand2_dc4_fc3_ebtimeF_dtTrue_baseline_100_0
DLinear,Exchange,96,336,0.09898416697978973,0.2350185662508011,long_term_forecast_DLinear_Exchange_H96_seed2021_DLinear_custom_ftM_sl336_ll48_pl96_dm512_nh8_el2_dl1_df2048_expand2_dc4_fc1_ebtimeF_dtTrue_test_0
DLinear,Exchange,96,336,0.09821125864982605,0.23211584985256195,long_term_forecast_DLinear_Exchange_H96_seed2022_DLinear_custom_ftM_sl336_ll48_pl96_dm512_nh8_el2_dl1_df2048_expand2_dc4_fc1_ebtimeF_dtTrue_test_0
DLinear,Exchange,96,336,0.10160364955663681,0.23788900673389435,long_term_forecast_DLinear_Exchange_H96_seed2023_DLinear_custom_ftM_sl336_ll48_pl96_dm512_nh8_el2_dl1_df2048_expand2_dc4_fc1_ebtimeF_dtTrue_test_0
Informer,Exchange,96,336,1.3821810483932495,0.9345704317092896,long_term_forecast_Exchange_336_96_Informer_custom_ftM_sl336_ll48_pl96_dm512_nh8_el2_dl1_df2048_expand2_dc4_fc3_ebtimeF_dtTrue_Exp_0
PatchFusionBERT_BERTOnly,Exchange,96,336,0.36830762028694153,0.4205375611782074,long_term_forecast_Exchange_336_96_PatchFusionBERT_BERTOnly_custom_ftM_sl336_ll48_pl96_dm512_nh8_el2_dl1_df2048_expand2_dc4_fc3_ebtimeF_dtTrue_Exp_0
PatchFusionBERT_v0,Exchange,96,336,0.0996708944439888,0.2224004715681076,long_term_forecast_Exchange_336_96_PatchFusionBERT_v0_custom_ftM_sl336_ll48_pl96_dm512_nh8_el2_dl1_df2048_expand2_dc4_fc3_ebtimeF_dtTrue_Exp_0
PatchFusionBERT_v0,Exchange,96,336,0.0996708944439888,0.2224004715681076,long_term_forecast_Exchange_336_96_PatchFusionBERT_v0_custom_ftM_sl336_ll48_pl96_dm512_nh8_el2_dl1_df2048_expand2_dc4_fc3_ebtimeF_dtTrue_Exp_0
PatchFusionBERT_v2,Exchange,96,336,0.09912604093551636,0.22088703513145447,long_term_forecast_Exchange_336_96_PatchFusionBERT_v2_custom_ftM_sl336_ll48_pl96_dm512_nh8_el2_dl1_df2048_expand2_dc4_fc3_ebtimeF_dtTrue_Exp_0
PatchFusionBERT_v2,Exchange,96,336,0.09912604093551636,0.22088703513145447,long_term_forecast_Exchange_336_96_PatchFusionBERT_v2_custom_ftM_sl336_ll48_pl96_dm512_nh8_el2_dl1_df2048_expand2_dc4_fc3_ebtimeF_dtTrue_Exp_0
PatchTST,Exchange,96,336,0.09176032990217209,0.2156040370464325,long_term_forecast_PatchTST_Exchange_H96_seed2021_PatchTST_custom_ftM_sl336_ll48_pl96_dm128_nh8_el3_dl1_df512_expand2_dc4_fc1_ebtimeF_dtTrue_test_0
PatchTST,Exchange,96,336,0.09038432687520981,0.21523194015026093,long_term_forecast_PatchTST_Exchange_H96_seed2022_PatchTST_custom_ftM_sl336_ll48_pl96_dm128_nh8_el3_dl1_df512_expand2_dc4_fc1_ebtimeF_dtTrue_test_0
PatchTST,Exchange,96,336,0.09500519186258316,0.21882466971874237,long_term_forecast_PatchTST_Exchange_H96_seed2023_PatchTST_custom_ftM_sl336_ll48_pl96_dm128_nh8_el3_dl1_df512_expand2_dc4_fc1_ebtimeF_dtTrue_test_0
TiDE,Exchange,96,336,0.09867814183235168,0.22281943261623383,long_term_forecast_Exchange_336_96_TiDE_custom_ftM_sl336_ll48_pl96_dm512_nh8_el2_dl1_df2048_expand2_dc4_fc3_ebtimeF_dtTrue_Exp_0
TiDE,Exchange,96,336,0.09867814183235168,0.22281943261623383,long_term_forecast_Exchange_336_96_TiDE_custom_ftM_sl336_ll48_pl96_dm512_nh8_el2_dl1_df2048_expand2_dc4_fc3_ebtimeF_dtTrue_Exp_0
TimeXer,Exchange,96,336,0.10502293705940247,0.22594010829925537,long_term_forecast_Exchange_336_96_TimeXer_custom_ftM_sl336_ll48_pl96_dm512_nh8_el2_dl1_df2048_expand2_dc4_fc3_ebtimeF_dtTrue_Exp_0
TimeXer,Exchange,96,336,0.10502293705940247,0.22594010829925537,long_term_forecast_Exchange_336_96_TimeXer_custom_ftM_sl336_ll48_pl96_dm512_nh8_el2_dl1_df2048_expand2_dc4_fc3_ebtimeF_dtTrue_Exp_0
iTransformer,Exchange,96,336,0.09487347304821014,0.2210373878479004,long_term_forecast_Exchange_336_96_iTransformer_custom_ftM_sl336_ll48_pl96_dm512_nh8_el2_dl1_df2048_expand2_dc4_fc3_ebtimeF_dtTrue_Exp_0
iTransformer,Exchange,96,336,0.09487347304821014,0.2210373878479004,long_term_forecast_Exchange_336_96_iTransformer_custom_ftM_sl336_ll48_pl96_dm512_nh8_el2_dl1_df2048_expand2_dc4_fc3_ebtimeF_dtTrue_Exp_0
Autoformer,Exchange,192,96,0.8180429935455322,0.6710644364356995,long_term_forecast_Autoformer_H192_Exchange_192_Autoformer_custom_ftM_sl96_ll96_pl192_dm512_nh8_el2_dl1_df2048_expand2_dc4_fc3_ebtimeF_dtTrue_baseline_100_0
DLinear,Exchange,192,336,0.1866598129272461,0.3224077522754669,long_term_forecast_DLinear_H192_Exchange_192_DLinear_custom_ftM_sl336_ll96_pl192_dm512_nh8_el2_dl1_df2048_expand2_dc4_fc3_ebtimeF_dtTrue_baseline_100_0
DLinear,Exchange,192,336,0.1866598129272461,0.3224077522754669,long_term_forecast_DLinear_MS2021_Exchange_192_DLinear_custom_ftM_sl336_ll96_pl192_dm512_nh8_el2_dl1_df2048_expand2_dc4_fc3_ebtimeF_dtTrue_multiseed_h192_0
DLinear,Exchange,192,336,0.17912432551383972,0.3164568543434143,long_term_forecast_DLinear_MS2022_Exchange_192_DLinear_custom_ftM_sl336_ll96_pl192_dm512_nh8_el2_dl1_df2048_expand2_dc4_fc3_ebtimeF_dtTrue_multiseed_h192_0
DLinear,Exchange,192,336,0.17259159684181213,0.31292638182640076,long_term_forecast_DLinear_MS2023_Exchange_192_DLinear_custom_ftM_sl336_ll96_pl192_dm512_nh8_el2_dl1_df2048_expand2_dc4_fc3_ebtimeF_dtTrue_multiseed_h192_0
Informer,Exchange,192,96,1.2316521406173706,0.8899839520454407,long_term_forecast_Informer_H192_Exchange_192_Informer_custom_ftM_sl96_ll96_pl192_dm512_nh8_el2_dl1_df2048_expand2_dc4_fc3_ebtimeF_dtTrue_baseline_100_0
PatchFusionBERT_BERTOnly,Exchange,192,336,0.5349360108375549,0.5257605910301208,long_term_forecast_BERTOnly_H192_Exchange_192_PatchFusionBERT_BERTOnly_custom_ftM_sl336_ll96_pl192_dm128_nh8_el3_dl1_df512_expand2_dc4_fc3_ebtimeF_dtTrue_Ablation_100_0
PatchFusionBERT_v0,Exchange,192,336,0.21839313209056854,0.3339884579181671,long_term_forecast_PFB_v0_H192_Exchange_192_PatchFusionBERT_v0_custom_ftM_sl336_ll96_pl192_dm128_nh8_el3_dl1_df512_expand2_dc4_fc3_ebtimeF_dtTrue_PFB_100_0
PatchFusionBERT_v0,Exchange,192,336,0.21839313209056854,0.3339884579181671,long_term_forecast_PFB_v0_MS2021_Exchange_192_PatchFusionBERT_v0_custom_ftM_sl336_ll96_pl192_dm128_nh8_el3_dl1_df512_expand2_dc4_fc3_ebtimeF_dtTrue_multiseed_h192_0
PatchFusionBERT_v0,Exchange,192,336,0.22336015105247498,0.3369351923465729,long_term_forecast_PFB_v0_MS2022_Exchange_192_PatchFusionBERT_v0_custom_ftM_sl336_ll96_pl192_dm128_nh8_el3_dl1_df512_expand2_dc4_fc3_ebtimeF_dtTrue_multiseed_h192_0
PatchFusionBERT_v0,Exchange,192,336,0.2249576598405838,0.3423041105270386,long_term_forecast_PFB_v0_MS2023_Exchange_192_PatchFusionBERT_v0_custom_ftM_sl336_ll96_pl192_dm128_nh8_el3_dl1_df512_expand2_dc4_fc3_ebtimeF_dtTrue_multiseed_h192_0
PatchFusionBERT_v2,Exchange,192,336,0.18779796361923218,0.31083133816719055,long_term_forecast_PFB_v2_H192_Exchange_192_PatchFusionBERT_v2_custom_ftM_sl336_ll96_pl192_dm128_nh8_el3_dl1_df512_expand2_dc4_fc3_ebtimeF_dtTrue_PFB_100_0
PatchFusionBERT_v2,Exchange,192,336,0.18779796361923218,0.31083133816719055,long_term_forecast_Exchange_336_192_MS2021_PatchFusionBERT_v2_custom_ftM_sl336_ll48_pl192_dm128_nh8_el3_dl1_df512_expand2_dc4_fc1_ebtimeF_dtTrue_Exp_0
PatchFusionBERT_v2,Exchange,192,336,0.19074159860610962,0.31365346908569336,long_term_forecast_Exchange_336_192_MS2022_PatchFusionBERT_v2_custom_ftM_sl336_ll48_pl192_dm128_nh8_el3_dl1_df512_expand2_dc4_fc1_ebtimeF_dtTrue_Exp_0
PatchFusionBERT_v2,Exchange,192,336,0.2088266909122467,0.3289877772331238,long_term_forecast_Exchange_336_192_MS2023_PatchFusionBERT_v2_custom_ftM_sl336_ll48_pl192_dm128_nh8_el3_dl1_df512_expand2_dc4_fc1_ebtimeF_dtTrue_Exp_0
PatchTST,Exchange,192,336,0.19131074845790863,0.3182152509689331,long_term_forecast_PatchTST_H192_Exchange_192_PatchTST_custom_ftM_sl336_ll96_pl192_dm128_nh8_el3_dl1_df512_expand2_dc4_fc3_ebtimeF_dtTrue_baseline_100_0
PatchTST,Exchange,192,336,0.19131074845790863,0.3182152509689331,long_term_forecast_PatchTST_MS2021_Exchange_192_PatchTST_custom_ftM_sl336_ll96_pl192_dm128_nh8_el3_dl1_df512_expand2_dc4_fc3_ebtimeF_dtTrue_multiseed_h192_0
PatchTST,Exchange,192,336,0.18448375165462494,0.3112223148345947,long_term_forecast_PatchTST_MS2022_Exchange_192_PatchTST_custom_ftM_sl336_ll96_pl192_dm128_nh8_el3_dl1_df512_expand2_dc4_fc3_ebtimeF_dtTrue_multiseed_h192_0
PatchTST,Exchange,192,336,0.19536633789539337,0.31973356008529663,long_term_forecast_PatchTST_MS2023_Exchange_192_PatchTST_custom_ftM_sl336_ll96_pl192_dm128_nh8_el3_dl1_df512_expand2_dc4_fc3_ebtimeF_dtTrue_multiseed_h192_0
TiDE,Exchange,192,336,0.19253845512866974,0.3143446445465088,long_term_forecast_TiDE_H192_Exchange_192_TiDE_custom_ftM_sl336_ll96_pl192_dm128_nh8_el2_dl1_df512_expand2_dc4_fc3_ebtimeF_dtTrue_baseline_100_0
TimeXer,Exchange,192,336,0.1911032795906067,0.3124316334724426,long_term_forecast_TimeXer_H192_Exchange_192_TimeXer_custom_ftM_sl336_ll96_pl192_dm128_nh8_el2_dl1_df512_expand2_dc4_fc3_ebtimeF_dtTrue_baseline_100_0
Transformer,Exchange,192,96,1.1101616621017456,0.8038128018379211,long_term_forecast_Transformer_H192_Exchange_192_Transformer_custom_ftM_sl96_ll96_pl192_dm512_nh8_el2_dl1_df2048_expand2_dc4_fc3_ebtimeF_dtTrue_baseline_100_0
iTransformer,Exchange,192,336,0.21383392810821533,0.3358319103717804,long_term_forecast_iTransformer_H192_Exchange_192_iTransformer_custom_ftM_sl336_ll96_pl192_dm128_nh8_el2_dl1_df512_expand2_dc4_fc3_ebtimeF_dtTrue_baseline_100_0
DLinear,Exchange,336,336,0.37444931268692017,0.4680686295032501,long_term_forecast_DLinear_H336_Exchange_192_DLinear_custom_ftM_sl336_ll168_pl336_dm512_nh8_el2_dl1_df2048_expand2_dc4_fc3_ebtimeF_dtTrue_baseline_100_0
DLinear,Exchange,336,336,0.38029518723487854,0.47412627935409546,long_term_forecast_DLinear_Exchange_H336_seed2021_DLinear_custom_ftM_sl336_ll48_pl336_dm512_nh8_el2_dl1_df2048_expand2_dc4_fc1_ebtimeF_dtTrue_test_0
DLinear,Exchange,336,336,0.3756011128425598,0.4690621793270111,long_term_forecast_DLinear_Exchange_H336_seed2022_DLinear_custom_ftM_sl336_ll48_pl336_dm512_nh8_el2_dl1_df2048_expand2_dc4_fc1_ebtimeF_dtTrue_test_0
DLinear,Exchange,336,336,0.36579471826553345,0.46359437704086304,long_term_forecast_DLinear_Exchange_H336_seed2023_DLinear_custom_ftM_sl336_ll48_pl336_dm512_nh8_el2_dl1_df2048_expand2_dc4_fc1_ebtimeF_dtTrue_test_0
Informer,Exchange,336,336,1.8786983489990234,1.081680178642273,long_term_forecast_Exchange_336_336_Informer_custom_ftM_sl336_ll48_pl336_dm512_nh8_el2_dl1_df2048_expand2_dc4_fc3_ebtimeF_dtTrue_Exp_0
PatchFusionBERT_BERTOnly,Exchange,336,336,0.846116840839386,0.6955034732818604,long_term_forecast_BERTOnly_H336_Exchange_192_PatchFusionBERT_BERTOnly_custom_ftM_sl336_ll168_pl336_dm128_nh8_el3_dl1_df512_expand2_dc4_fc3_ebtimeF_dtTrue_Ablation_100_0
PatchFusionBERT_v0,Exchange,336,336,0.3533194661140442,0.4340231716632843,long_term_forecast_PFB_v0_H336_Exchange_192_PatchFusionBERT_v0_custom_ftM_sl336_ll168_pl336_dm128_nh8_el3_dl1_df512_expand2_dc4_fc3_ebtimeF_dtTrue_PFB_100_0
PatchFusionBERT_v2,Exchange,336,336,0.33808934688568115,0.4222877323627472,long_term_forecast_PFB_v2_H336_Exchange_192_PatchFusionBERT_v2_custom_ftM_sl336_ll168_pl336_dm128_nh8_el3_dl1_df512_expand2_dc4_fc3_ebtimeF_dtTrue_PFB_100_0
PatchTST,Exchange,336,336,0.3138968348503113,0.409212589263916,long_term_forecast_PatchTST_H336_Exchange_192_PatchTST_custom_ftM_sl336_ll168_pl336_dm128_nh8_el3_dl1_df512_expand2_dc4_fc3_ebtimeF_dtTrue_baseline_100_0
PatchTST,Exchange,336,336,0.36945033073425293,0.4428611397743225,long_term_forecast_PatchTST_Exchange_H336_seed2021_PatchTST_custom_ftM_sl336_ll48_pl336_dm128_nh8_el3_dl1_df512_expand2_dc4_fc1_ebtimeF_dtTrue_test_0
PatchTST,Exchange,336,336,0.3584979474544525,0.4402087926864624,long_term_forecast_PatchTST_Exchange_H336_seed2022_PatchTST_custom_ftM_sl336_ll48_pl336_dm128_nh8_el3_dl1_df512_expand2_dc4_fc1_ebtimeF_dtTrue_test_0
PatchTST,Exchange,336,336,0.3644792437553406,0.44053930044174194,long_term_forecast_PatchTST_Exchange_H336_seed2023_PatchTST_custom_ftM_sl336_ll48_pl336_dm128_nh8_el3_dl1_df512_expand2_dc4_fc1_ebtimeF_dtTrue_test_0
TiDE,Exchange,336,336,0.3422324061393738,0.4260905981063843,long_term_forecast_TiDE_H336_Exchange_192_TiDE_custom_ftM_sl336_ll168_pl336_dm128_nh8_el2_dl1_df512_expand2_dc4_fc3_ebtimeF_dtTrue_baseline_100_0
TimeXer,Exchange,336,336,0.3792371153831482,0.44857507944107056,long_term_forecast_TimeXer_H336_Exchange_192_TimeXer_custom_ftM_sl336_ll168_pl336_dm128_nh8_el2_dl1_df512_expand2_dc4_fc3_ebtimeF_dtTrue_baseline_100_0
iTransformer,Exchange,336,336,0.3749725818634033,0.4523133635520935,long_term_forecast_iTransformer_H336_Exchange_192_iTransformer_custom_ftM_sl336_ll168_pl336_dm128_nh8_el2_dl1_df512_expand2_dc4_fc3_ebtimeF_dtTrue_baseline_100_0
DLinear,Illness,24,104,3.2126238346099854,1.2708706855773926,long_term_forecast_DLinear_MS2021_Illness_24_DLinear_custom_ftM_sl104_ll18_pl24_dm512_nh8_el2_dl1_df2048_expand2_dc4_fc3_ebtimeF_dtTrue_illness_horizons_0
DLinear,Illness,24,104,3.2126238346099854,1.2708706855773926,long_term_forecast_DLinear_MS2021_Illness_24_DLinear_custom_ftM_sl104_ll18_pl24_dm512_nh8_el2_dl1_df2048_expand2_dc4_fc3_ebtimeF_dtTrue_illness_horizons_0
DLinear,Illness,24,104,3.214975118637085,1.2712856531143188,long_term_forecast_DLinear_MS2022_Illness_24_DLinear_custom_ftM_sl104_ll18_pl24_dm512_nh8_el2_dl1_df2048_expand2_dc4_fc3_ebtimeF_dtTrue_illness_horizons_0
DLinear,Illness,24,104,3.214975118637085,1.2712856531143188,long_term_forecast_DLinear_MS2022_Illness_24_DLinear_custom_ftM_sl104_ll18_pl24_dm512_nh8_el2_dl1_df2048_expand2_dc4_fc3_ebtimeF_dtTrue_illness_horizons_0
DLinear,Illness,24,104,3.235229730606079,1.2726659774780273,long_term_forecast_DLinear_MS2023_Illness_24_DLinear_custom_ftM_sl104_ll18_pl24_dm512_nh8_el2_dl1_df2048_expand2_dc4_fc3_ebtimeF_dtTrue_illness_horizons_0
DLinear,Illness,24,104,3.235229730606079,1.2726659774780273,long_term_forecast_DLinear_MS2023_Illness_24_DLinear_custom_ftM_sl104_ll18_pl24_dm512_nh8_el2_dl1_df2048_expand2_dc4_fc3_ebtimeF_dtTrue_illness_horizons_0
DLinear,Illness,24,104,2.174182176589966,1.0147919654846191,long_term_forecast_Illness_104_24_DLinear_custom_ftM_sl104_ll18_pl24_dm512_nh8_el2_dl1_df2048_expand2_dc4_fc1_ebtimeF_dtTrue_Exp_0
PatchFusionBERT_BERTOnly,Illness,24,104,3.6350977420806885,1.2597814798355103,long_term_forecast_Illness_104_24_PatchFusionBERT_BERTOnly_custom_ftM_sl104_ll18_pl24_dm128_nh8_el3_dl1_df512_expand2_dc4_fc3_ebtimeF_dtTrue_Exp_0
PatchFusionBERT_v0,Illness,24,104,1.960111379623413,0.8826153874397278,long_term_forecast_PFB_v0_MS2021_Illness_24_PatchFusionBERT_v0_custom_ftM_sl104_ll18_pl24_dm128_nh8_el3_dl1_df512_expand2_dc4_fc3_ebtimeF_dtTrue_illness_horizons_0
PatchFusionBERT_v0,Illness,24,104,1.960111379623413,0.8826153874397278,long_term_forecast_PFB_v0_MS2021_Illness_24_PatchFusionBERT_v0_custom_ftM_sl104_ll18_pl24_dm128_nh8_el3_dl1_df512_expand2_dc4_fc3_ebtimeF_dtTrue_illness_horizons_0
PatchFusionBERT_v0,Illness,24,104,1.9657244682312012,0.8802881836891174,long_term_forecast_PFB_v0_MS2022_Illness_24_PatchFusionBERT_v0_custom_ftM_sl104_ll18_pl24_dm128_nh8_el3_dl1_df512_expand2_dc4_fc3_ebtimeF_dtTrue_illness_horizons_0
PatchFusionBERT_v0,Illness,24,104,1.9657244682312012,0.8802881836891174,long_term_forecast_PFB_v0_MS2022_Illness_24_PatchFusionBERT_v0_custom_ftM_sl104_ll18_pl24_dm128_nh8_el3_dl1_df512_expand2_dc4_fc3_ebtimeF_dtTrue_illness_horizons_0
PatchFusionBERT_v0,Illness,24,104,2.255908727645874,0.9935358166694641,long_term_forecast_PFB_v0_MS2023_Illness_24_PatchFusionBERT_v0_custom_ftM_sl104_ll18_pl24_dm128_nh8_el3_dl1_df512_expand2_dc4_fc3_ebtimeF_dtTrue_illness_horizons_0
PatchFusionBERT_v0,Illness,24,104,2.255908727645874,0.9935358166694641,long_term_forecast_PFB_v0_MS2023_Illness_24_PatchFusionBERT_v0_custom_ftM_sl104_ll18_pl24_dm128_nh8_el3_dl1_df512_expand2_dc4_fc3_ebtimeF_dtTrue_illness_horizons_0
PatchFusionBERT_v0,Illness,24,104,1.9868415594100952,0.8903886675834656,long_term_forecast_Illness_104_24_PatchFusionBERT_v0_custom_ftM_sl104_ll18_pl24_dm128_nh8_el3_dl1_df512_expand2_dc4_fc3_ebtimeF_dtTrue_Exp_0
PatchFusionBERT_v2,Illness,24,104,2.2976088523864746,1.0193934440612793,long_term_forecast_Illness_104_24_PatchFusionBERT_v2_custom_ftM_sl104_ll18_pl24_dm128_nh8_el3_dl1_df512_expand2_dc4_fc3_ebtimeF_dtTrue_Exp_0
PatchFusionBERT_v2,Illness,24,104,2.0520384311676025,0.9311892986297607,long_term_forecast_Illness_104_24_MS2021_PatchFusionBERT_v2_custom_ftM_sl104_ll18_pl24_dm128_nh8_el3_dl1_df512_expand2_dc4_fc3_ebtimeF_dtTrue_Exp_0
PatchFusionBERT_v2,Illness,24,104,2.1999006271362305,0.9665421843528748,long_term_forecast_Illness_104_24_MS2022_PatchFusionBERT_v2_custom_ftM_sl104_ll18_pl24_dm128_nh8_el3_dl1_df512_expand2_dc4_fc3_ebtimeF_dtTrue_Exp_0
PatchFusionBERT_v2,Illness,24,104,2.3475914001464844,1.0475678443908691,long_term_forecast_Illness_104_24_MS2023_PatchFusionBERT_v2_custom_ftM_sl104_ll18_pl24_dm128_nh8_el3_dl1_df512_expand2_dc4_fc3_ebtimeF_dtTrue_Exp_0
PatchTST,Illness,24,104,2.226719379425049,1.0280022621154785,long_term_forecast_PatchTST_MS2021_Illness_24_PatchTST_custom_ftM_sl104_ll18_pl24_dm128_nh8_el3_dl1_df512_expand2_dc4_fc3_ebtimeF_dtTrue_illness_horizons_0
PatchTST,Illness,24,104,2.226719379425049,1.0280022621154785,long_term_forecast_PatchTST_MS2021_Illness_24_PatchTST_custom_ftM_sl104_ll18_pl24_dm128_nh8_el3_dl1_df512_expand2_dc4_fc3_ebtimeF_dtTrue_illness_horizons_0
PatchTST,Illness,24,104,2.0219268798828125,0.9225701093673706,long_term_forecast_PatchTST_MS2022_Illness_24_PatchTST_custom_ftM_sl104_ll18_pl24_dm128_nh8_el3_dl1_df512_expand2_dc4_fc3_ebtimeF_dtTrue_illness_horizons_0
PatchTST,Illness,24,104,2.0219268798828125,0.9225701093673706,long_term_forecast_PatchTST_MS2022_Illness_24_PatchTST_custom_ftM_sl104_ll18_pl24_dm128_nh8_el3_dl1_df512_expand2_dc4_fc3_ebtimeF_dtTrue_illness_horizons_0
PatchTST,Illness,24,104,1.9789042472839355,0.891767680644989,long_term_forecast_PatchTST_MS2023_Illness_24_PatchTST_custom_ftM_sl104_ll18_pl24_dm128_nh8_el3_dl1_df512_expand2_dc4_fc3_ebtimeF_dtTrue_illness_horizons_0
PatchTST,Illness,24,104,1.9789042472839355,0.891767680644989,long_term_forecast_PatchTST_MS2023_Illness_24_PatchTST_custom_ftM_sl104_ll18_pl24_dm128_nh8_el3_dl1_df512_expand2_dc4_fc3_ebtimeF_dtTrue_illness_horizons_0
PatchTST,Illness,24,104,2.332226514816284,1.036583662033081,long_term_forecast_Illness_104_24_PatchTST_custom_ftM_sl104_ll18_pl24_dm128_nh8_el2_dl1_df512_expand2_dc4_fc3_ebtimeF_dtTrue_Exp_0
TiDE,Illness,24,104,3.251856565475464,1.271102786064148,long_term_forecast_Illness_104_24_TiDE_custom_ftM_sl104_ll18_pl24_dm512_nh8_el2_dl1_df2048_expand2_dc4_fc1_ebtimeF_dtTrue_Exp_0
TimeXer,Illness,24,104,2.299729108810425,0.9924191832542419,long_term_forecast_Illness_104_24_TimeXer_custom_ftM_sl104_ll18_pl24_dm128_nh8_el2_dl1_df512_expand2_dc4_fc3_ebtimeF_dtTrue_Exp_0
iTransformer,Illness,24,104,2.2531044483184814,1.0106356143951416,long_term_forecast_Illness_104_24_iTransformer_custom_ftM_sl104_ll18_pl24_dm128_nh8_el2_dl1_df512_expand2_dc4_fc1_ebtimeF_dtTrue_Exp_0
DLinear,Illness,36,104,3.326033353805542,1.2781600952148438,long_term_forecast_DLinear_MS2021_Illness_36_DLinear_custom_ftM_sl104_ll18_pl36_dm512_nh8_el2_dl1_df2048_expand2_dc4_fc3_ebtimeF_dtTrue_illness_horizons_0
DLinear,Illness,36,104,3.326033353805542,1.2781600952148438,long_term_forecast_DLinear_MS2021_Illness_36_DLinear_custom_ftM_sl104_ll18_pl36_dm512_nh8_el2_dl1_df2048_expand2_dc4_fc3_ebtimeF_dtTrue_illness_horizons_0
DLinear,Illness,36,104,3.2656023502349854,1.2706372737884521,long_term_forecast_DLinear_MS2022_Illness_36_DLinear_custom_ftM_sl104_ll18_pl36_dm512_nh8_el2_dl1_df2048_expand2_dc4_fc3_ebtimeF_dtTrue_illness_horizons_0
DLinear,Illness,36,104,3.2656023502349854,1.2706372737884521,long_term_forecast_DLinear_MS2022_Illness_36_DLinear_custom_ftM_sl104_ll18_pl36_dm512_nh8_el2_dl1_df2048_expand2_dc4_fc3_ebtimeF_dtTrue_illness_horizons_0
DLinear,Illness,36,104,3.296602964401245,1.2737714052200317,long_term_forecast_DLinear_MS2023_Illness_36_DLinear_custom_ftM_sl104_ll18_pl36_dm512_nh8_el2_dl1_df2048_expand2_dc4_fc3_ebtimeF_dtTrue_illness_horizons_0
DLinear,Illness,36,104,3.296602964401245,1.2737714052200317,long_term_forecast_DLinear_MS2023_Illness_36_DLinear_custom_ftM_sl104_ll18_pl36_dm512_nh8_el2_dl1_df2048_expand2_dc4_fc3_ebtimeF_dtTrue_illness_horizons_0
PatchFusionBERT_v0,Illness,36,104,2.190605878829956,1.0079259872436523,long_term_forecast_PFB_v0_MS2021_Illness_36_PatchFusionBERT_v0_custom_ftM_sl104_ll18_pl36_dm128_nh8_el3_dl1_df512_expand2_dc4_fc3_ebtimeF_dtTrue_illness_horizons_0
PatchFusionBERT_v0,Illness,36,104,2.190605878829956,1.0079259872436523,long_term_forecast_PFB_v0_MS2021_Illness_36_PatchFusionBERT_v0_custom_ftM_sl104_ll18_pl36_dm128_nh8_el3_dl1_df512_expand2_dc4_fc3_ebtimeF_dtTrue_illness_horizons_0
PatchFusionBERT_v0,Illness,36,104,1.9241093397140503,0.8836841583251953,long_term_forecast_PFB_v0_MS2022_Illness_36_PatchFusionBERT_v0_custom_ftM_sl104_ll18_pl36_dm128_nh8_el3_dl1_df512_expand2_dc4_fc3_ebtimeF_dtTrue_illness_horizons_0
PatchFusionBERT_v0,Illness,36,104,1.9241093397140503,0.8836841583251953,long_term_forecast_PFB_v0_MS2022_Illness_36_PatchFusionBERT_v0_custom_ftM_sl104_ll18_pl36_dm128_nh8_el3_dl1_df512_expand2_dc4_fc3_ebtimeF_dtTrue_illness_horizons_0
PatchFusionBERT_v0,Illness,36,104,2.1406936645507812,0.9886003732681274,long_term_forecast_PFB_v0_MS2023_Illness_36_PatchFusionBERT_v0_custom_ftM_sl104_ll18_pl36_dm128_nh8_el3_dl1_df512_expand2_dc4_fc3_ebtimeF_dtTrue_illness_horizons_0
PatchFusionBERT_v0,Illness,36,104,2.1406936645507812,0.9886003732681274,long_term_forecast_PFB_v0_MS2023_Illness_36_PatchFusionBERT_v0_custom_ftM_sl104_ll18_pl36_dm128_nh8_el3_dl1_df512_expand2_dc4_fc3_ebtimeF_dtTrue_illness_horizons_0
PatchTST,Illness,36,104,2.1423447132110596,0.9932971000671387,long_term_forecast_PatchTST_MS2021_Illness_36_PatchTST_custom_ftM_sl104_ll18_pl36_dm128_nh8_el3_dl1_df512_expand2_dc4_fc3_ebtimeF_dtTrue_illness_horizons_0
PatchTST,Illness,36,104,2.1423447132110596,0.9932971000671387,long_term_forecast_PatchTST_MS2021_Illness_36_PatchTST_custom_ftM_sl104_ll18_pl36_dm128_nh8_el3_dl1_df512_expand2_dc4_fc3_ebtimeF_dtTrue_illness_horizons_0
PatchTST,Illness,36,104,2.2611019611358643,1.0505335330963135,long_term_forecast_PatchTST_MS2022_Illness_36_PatchTST_custom_ftM_sl104_ll18_pl36_dm128_nh8_el3_dl1_df512_expand2_dc4_fc3_ebtimeF_dtTrue_illness_horizons_0
PatchTST,Illness,36,104,2.2611019611358643,1.0505335330963135,long_term_forecast_PatchTST_MS2022_Illness_36_PatchTST_custom_ftM_sl104_ll18_pl36_dm128_nh8_el3_dl1_df512_expand2_dc4_fc3_ebtimeF_dtTrue_illness_horizons_0
PatchTST,Illness,36,104,2.2095789909362793,1.0112113952636719,long_term_forecast_PatchTST_MS2023_Illness_36_PatchTST_custom_ftM_sl104_ll18_pl36_dm128_nh8_el3_dl1_df512_expand2_dc4_fc3_ebtimeF_dtTrue_illness_horizons_0
PatchTST,Illness,36,104,2.2095789909362793,1.0112113952636719,long_term_forecast_PatchTST_MS2023_Illness_36_PatchTST_custom_ftM_sl104_ll18_pl36_dm128_nh8_el3_dl1_df512_expand2_dc4_fc3_ebtimeF_dtTrue_illness_horizons_0
DLinear,Illness,48,104,3.373767614364624,1.2903622388839722,long_term_forecast_DLinear_H192_Illness_192_DLinear_custom_ftM_sl104_ll48_pl48_dm512_nh8_el2_dl1_df2048_expand2_dc4_fc3_ebtimeF_dtTrue_baseline_100_0
DLinear,Illness,48,104,3.373767614364624,1.2903622388839722,long_term_forecast_DLinear_H336_Illness_192_DLinear_custom_ftM_sl104_ll48_pl48_dm512_nh8_el2_dl1_df2048_expand2_dc4_fc3_ebtimeF_dtTrue_baseline_100_0
DLinear,Illness,48,104,3.373767614364624,1.2903622388839722,long_term_forecast_DLinear_MS2021_Illness_48_DLinear_custom_ftM_sl104_ll18_pl48_dm512_nh8_el2_dl1_df2048_expand2_dc4_fc3_ebtimeF_dtTrue_illness_horizons_0
DLinear,Illness,48,104,3.373767614364624,1.2903622388839722,long_term_forecast_DLinear_MS2021_Illness_48_DLinear_custom_ftM_sl104_ll18_pl48_dm512_nh8_el2_dl1_df2048_expand2_dc4_fc3_ebtimeF_dtTrue_illness_horizons_0
DLinear,Illness,48,104,3.352442502975464,1.2814006805419922,long_term_forecast_DLinear_MS2022_Illness_48_DLinear_custom_ftM_sl104_ll18_pl48_dm512_nh8_el2_dl1_df2048_expand2_dc4_fc3_ebtimeF_dtTrue_illness_horizons_0
DLinear,Illness,48,104,3.352442502975464,1.2814006805419922,long_term_forecast_DLinear_MS2022_Illness_48_DLinear_custom_ftM_sl104_ll18_pl48_dm512_nh8_el2_dl1_df2048_expand2_dc4_fc3_ebtimeF_dtTrue_illness_horizons_0
DLinear,Illness,48,104,3.388207197189331,1.2884318828582764,long_term_forecast_DLinear_MS2023_Illness_48_DLinear_custom_ftM_sl104_ll18_pl48_dm512_nh8_el2_dl1_df2048_expand2_dc4_fc3_ebtimeF_dtTrue_illness_horizons_0
DLinear,Illness,48,104,3.388207197189331,1.2884318828582764,long_term_forecast_DLinear_MS2023_Illness_48_DLinear_custom_ftM_sl104_ll18_pl48_dm512_nh8_el2_dl1_df2048_expand2_dc4_fc3_ebtimeF_dtTrue_illness_horizons_0
DLinear,Illness,48,104,2.2888519763946533,1.0757075548171997,long_term_forecast_Illness_104_48_DLinear_custom_ftM_sl104_ll18_pl48_dm512_nh8_el2_dl1_df2048_expand2_dc4_fc1_ebtimeF_dtTrue_Exp_0
Informer,Illness,48,336,5.074991226196289,1.5821506977081299,long_term_forecast_Illness_336_48_Informer_custom_ftM_sl336_ll48_pl48_dm512_nh8_el2_dl1_df2048_expand2_dc4_fc3_ebtimeF_dtTrue_Exp_0
PatchFusionBERT_BERTOnly,Illness,48,104,3.8003671169281006,1.2921509742736816,long_term_forecast_BERTOnly_H192_Illness_192_PatchFusionBERT_BERTOnly_custom_ftM_sl104_ll48_pl48_dm128_nh8_el3_dl1_df512_expand2_dc4_fc3_ebtimeF_dtTrue_Ablation_100_0
PatchFusionBERT_BERTOnly,Illness,48,104,3.8003671169281006,1.2921509742736816,long_term_forecast_BERTOnly_H336_Illness_192_PatchFusionBERT_BERTOnly_custom_ftM_sl104_ll48_pl48_dm128_nh8_el3_dl1_df512_expand2_dc4_fc3_ebtimeF_dtTrue_Ablation_100_0
PatchFusionBERT_BERTOnly,Illness,48,104,3.789760112762451,1.288774847984314,long_term_forecast_Illness_104_48_PatchFusionBERT_BERTOnly_custom_ftM_sl104_ll18_pl48_dm128_nh8_el3_dl1_df512_expand2_dc4_fc3_ebtimeF_dtTrue_Exp_0
PatchFusionBERT_v0,Illness,48,104,1.8854596614837646,0.8945566415786743,long_term_forecast_PFB_v0_H192_Illness_192_PatchFusionBERT_v0_custom_ftM_sl104_ll48_pl48_dm128_nh8_el3_dl1_df512_expand2_dc4_fc3_ebtimeF_dtTrue_PFB_100_0
PatchFusionBERT_v0,Illness,48,104,1.8854596614837646,0.8945566415786743,long_term_forecast_PFB_v0_H336_Illness_192_PatchFusionBERT_v0_custom_ftM_sl104_ll48_pl48_dm128_nh8_el3_dl1_df512_expand2_dc4_fc3_ebtimeF_dtTrue_PFB_100_0
PatchFusionBERT_v0,Illness,48,104,1.8854596614837646,0.8945566415786743,long_term_forecast_PFB_v0_MS2021_Illness_48_PatchFusionBERT_v0_custom_ftM_sl104_ll18_pl48_dm128_nh8_el3_dl1_df512_expand2_dc4_fc3_ebtimeF_dtTrue_illness_horizons_0
PatchFusionBERT_v0,Illness,48,104,1.8854596614837646,0.8945566415786743,long_term_forecast_PFB_v0_MS2021_Illness_48_PatchFusionBERT_v0_custom_ftM_sl104_ll18_pl48_dm128_nh8_el3_dl1_df512_expand2_dc4_fc3_ebtimeF_dtTrue_illness_horizons_0
PatchFusionBERT_v0,Illness,48,104,1.913844347000122,0.892449140548706,long_term_forecast_PFB_v0_MS2022_Illness_48_PatchFusionBERT_v0_custom_ftM_sl104_ll18_pl48_dm128_nh8_el3_dl1_df512_expand2_dc4_fc3_ebtimeF_dtTrue_illness_horizons_0
PatchFusionBERT_v0,Illness,48,104,1.913844347000122,0.892449140548706,long_term_forecast_PFB_v0_MS2022_Illness_48_PatchFusionBERT_v0_custom_ftM_sl104_ll18_pl48_dm128_nh8_el3_dl1_df512_expand2_dc4_fc3_ebtimeF_dtTrue_illness_horizons_0
PatchFusionBERT_v0,Illness,48,104,1.9339990615844727,0.9062305688858032,long_term_forecast_PFB_v0_MS2023_Illness_48_PatchFusionBERT_v0_custom_ftM_sl104_ll18_pl48_dm128_nh8_el3_dl1_df512_expand2_dc4_fc3_ebtimeF_dtTrue_illness_horizons_0
PatchFusionBERT_v0,Illness,48,104,1.9339990615844727,0.9062305688858032,long_term_forecast_PFB_v0_MS2023_Illness_48_PatchFusionBERT_v0_custom_ftM_sl104_ll18_pl48_dm128_nh8_el3_dl1_df512_expand2_dc4_fc3_ebtimeF_dtTrue_illness_horizons_0
PatchFusionBERT_v0,Illness,48,104,2.0890085697174072,0.9836471676826477,long_term_forecast_Illness_104_48_PatchFusionBERT_v0_custom_ftM_sl104_ll18_pl48_dm128_nh8_el3_dl1_df512_expand2_dc4_fc3_ebtimeF_dtTrue_Exp_0
PatchFusionBERT_v2,Illness,48,104,2.000688076019287,0.9253119230270386,long_term_forecast_PFB_v2_H192_Illness_192_PatchFusionBERT_v2_custom_ftM_sl104_ll48_pl48_dm128_nh8_el3_dl1_df512_expand2_dc4_fc3_ebtimeF_dtTrue_PFB_100_0
PatchFusionBERT_v2,Illness,48,104,2.000688076019287,0.9253119230270386,long_term_forecast_PFB_v2_H336_Illness_192_PatchFusionBERT_v2_custom_ftM_sl104_ll48_pl48_dm128_nh8_el3_dl1_df512_expand2_dc4_fc3_ebtimeF_dtTrue_PFB_100_0
PatchFusionBERT_v2,Illness,48,104,2.0009264945983887,0.9254134297370911,long_term_forecast_Illness_104_48_PatchFusionBERT_v2_custom_ftM_sl104_ll18_pl48_dm128_nh8_el3_dl1_df512_expand2_dc4_fc3_ebtimeF_dtTrue_Exp_0
PatchFusionBERT_v2,Illness,48,104,2.000688076019287,0.9253119230270386,long_term_forecast_Illness_104_48_MS2021_PatchFusionBERT_v2_custom_ftM_sl104_ll18_pl48_dm128_nh8_el3_dl1_df512_expand2_dc4_fc3_ebtimeF_dtTrue_Exp_0
PatchFusionBERT_v2,Illness,48,104,2.122053623199463,0.9603747129440308,long_term_forecast_Illness_104_48_MS2022_PatchFusionBERT_v2_custom_ftM_sl104_ll18_pl48_dm128_nh8_el3_dl1_df512_expand2_dc4_fc3_ebtimeF_dtTrue_Exp_0
PatchFusionBERT_v2,Illness,48,104,2.050363302230835,0.9355221390724182,long_term_forecast_Illness_104_48_MS2023_PatchFusionBERT_v2_custom_ftM_sl104_ll18_pl48_dm128_nh8_el3_dl1_df512_expand2_dc4_fc3_ebtimeF_dtTrue_Exp_0
PatchTST,Illness,48,104,1.9039270877838135,0.8919050097465515,long_term_forecast_PatchTST_H192_Illness_192_PatchTST_custom_ftM_sl104_ll48_pl48_dm128_nh8_el3_dl1_df512_expand2_dc4_fc3_ebtimeF_dtTrue_baseline_100_0
PatchTST,Illness,48,104,1.9039270877838135,0.8919050097465515,long_term_forecast_PatchTST_H336_Illness_192_PatchTST_custom_ftM_sl104_ll48_pl48_dm128_nh8_el3_dl1_df512_expand2_dc4_fc3_ebtimeF_dtTrue_baseline_100_0
PatchTST,Illness,48,104,1.9039270877838135,0.8919050097465515,long_term_forecast_PatchTST_H720_Illness_192_PatchTST_custom_ftM_sl104_ll48_pl48_dm128_nh8_el3_dl1_df512_expand2_dc4_fc3_ebtimeF_dtTrue_baseline_100_0
PatchTST,Illness,48,104,1.9039270877838135,0.8919050097465515,long_term_forecast_PatchTST_MS2021_Illness_48_PatchTST_custom_ftM_sl104_ll18_pl48_dm128_nh8_el3_dl1_df512_expand2_dc4_fc3_ebtimeF_dtTrue_illness_horizons_0
PatchTST,Illness,48,104,1.9039270877838135,0.8919050097465515,long_term_forecast_PatchTST_MS2021_Illness_48_PatchTST_custom_ftM_sl104_ll18_pl48_dm128_nh8_el3_dl1_df512_expand2_dc4_fc3_ebtimeF_dtTrue_illness_horizons_0
PatchTST,Illness,48,104,2.1959643363952637,1.000337839126587,long_term_forecast_PatchTST_MS2022_Illness_48_PatchTST_custom_ftM_sl104_ll18_pl48_dm128_nh8_el3_dl1_df512_expand2_dc4_fc3_ebtimeF_dtTrue_illness_horizons_0
PatchTST,Illness,48,104,2.1959643363952637,1.000337839126587,long_term_forecast_PatchTST_MS2022_Illness_48_PatchTST_custom_ftM_sl104_ll18_pl48_dm128_nh8_el3_dl1_df512_expand2_dc4_fc3_ebtimeF_dtTrue_illness_horizons_0
PatchTST,Illness,48,104,2.1353533267974854,1.006277084350586,long_term_forecast_PatchTST_MS2023_Illness_48_PatchTST_custom_ftM_sl104_ll18_pl48_dm128_nh8_el3_dl1_df512_expand2_dc4_fc3_ebtimeF_dtTrue_illness_horizons_0
PatchTST,Illness,48,104,2.1353533267974854,1.006277084350586,long_term_forecast_PatchTST_MS2023_Illness_48_PatchTST_custom_ftM_sl104_ll18_pl48_dm128_nh8_el3_dl1_df512_expand2_dc4_fc3_ebtimeF_dtTrue_illness_horizons_0
PatchTST,Illness,48,104,2.0226516723632812,0.9309739470481873,long_term_forecast_Illness_104_48_PatchTST_custom_ftM_sl104_ll18_pl48_dm128_nh8_el2_dl1_df512_expand2_dc4_fc3_ebtimeF_dtTrue_Exp_0
TiDE,Illness,48,104,3.521601676940918,1.3424705266952515,long_term_forecast_TiDE_H192_Illness_192_TiDE_custom_ftM_sl104_ll48_pl48_dm128_nh8_el2_dl1_df512_expand2_dc4_fc3_ebtimeF_dtTrue_baseline_100_0
TiDE,Illness,48,104,3.521601676940918,1.3424705266952515,long_term_forecast_TiDE_H336_Illness_192_TiDE_custom_ftM_sl104_ll48_pl48_dm128_nh8_el2_dl1_df512_expand2_dc4_fc3_ebtimeF_dtTrue_baseline_100_0
TiDE,Illness,48,104,3.67205810546875,1.3679190874099731,long_term_forecast_Illness_104_48_TiDE_custom_ftM_sl104_ll18_pl48_dm512_nh8_el2_dl1_df2048_expand2_dc4_fc1_ebtimeF_dtTrue_Exp_0
TimeXer,Illness,48,104,2.159614086151123,0.9591979384422302,long_term_forecast_TimeXer_H192_Illness_192_TimeXer_custom_ftM_sl104_ll48_pl48_dm128_nh8_el2_dl1_df512_expand2_dc4_fc3_ebtimeF_dtTrue_baseline_100_0
TimeXer,Illness,48,104,2.159614086151123,0.9591979384422302,long_term_forecast_TimeXer_H336_Illness_192_TimeXer_custom_ftM_sl104_ll48_pl48_dm128_nh8_el2_dl1_df512_expand2_dc4_fc3_ebtimeF_dtTrue_baseline_100_0
TimeXer,Illness,48,104,2.1610045433044434,0.9580312371253967,long_term_forecast_Illness_104_48_TimeXer_custom_ftM_sl104_ll18_pl48_dm128_nh8_el2_dl1_df512_expand2_dc4_fc3_ebtimeF_dtTrue_Exp_0
iTransformer,Illness,48,104,2.2221453189849854,1.0151702165603638,long_term_forecast_iTransformer_H192_Illness_192_iTransformer_custom_ftM_sl104_ll48_pl48_dm128_nh8_el2_dl1_df512_expand2_dc4_fc3_ebtimeF_dtTrue_baseline_100_0
iTransformer,Illness,48,104,2.2221453189849854,1.0151702165603638,long_term_forecast_iTransformer_H336_Illness_192_iTransformer_custom_ftM_sl104_ll48_pl48_dm128_nh8_el2_dl1_df512_expand2_dc4_fc3_ebtimeF_dtTrue_baseline_100_0
iTransformer,Illness,48,104,2.253577947616577,1.022566556930542,long_term_forecast_Illness_104_48_iTransformer_custom_ftM_sl104_ll18_pl48_dm128_nh8_el2_dl1_df512_expand2_dc4_fc1_ebtimeF_dtTrue_Exp_0
DLinear,Illness,60,104,3.635380506515503,1.3320369720458984,long_term_forecast_DLinear_MS2021_Illness_60_DLinear_custom_ftM_sl104_ll18_pl60_dm512_nh8_el2_dl1_df2048_expand2_dc4_fc3_ebtimeF_dtTrue_illness_horizons_0
DLinear,Illness,60,104,3.635380506515503,1.3320369720458984,long_term_forecast_DLinear_MS2021_Illness_60_DLinear_custom_ftM_sl104_ll18_pl60_dm512_nh8_el2_dl1_df2048_expand2_dc4_fc3_ebtimeF_dtTrue_illness_horizons_0
DLinear,Illness,60,104,3.656618118286133,1.3348695039749146,long_term_forecast_DLinear_MS2022_Illness_60_DLinear_custom_ftM_sl104_ll18_pl60_dm512_nh8_el2_dl1_df2048_expand2_dc4_fc3_ebtimeF_dtTrue_illness_horizons_0
DLinear,Illness,60,104,3.656618118286133,1.3348695039749146,long_term_forecast_DLinear_MS2022_Illness_60_DLinear_custom_ftM_sl104_ll18_pl60_dm512_nh8_el2_dl1_df2048_expand2_dc4_fc3_ebtimeF_dtTrue_illness_horizons_0
DLinear,Illness,60,104,3.608173370361328,1.324995994567871,long_term_forecast_DLinear_MS2023_Illness_60_DLinear_custom_ftM_sl104_ll18_pl60_dm512_nh8_el2_dl1_df2048_expand2_dc4_fc3_ebtimeF_dtTrue_illness_horizons_0
DLinear,Illness,60,104,3.608173370361328,1.324995994567871,long_term_forecast_DLinear_MS2023_Illness_60_DLinear_custom_ftM_sl104_ll18_pl60_dm512_nh8_el2_dl1_df2048_expand2_dc4_fc3_ebtimeF_dtTrue_illness_horizons_0
DLinear,Illness,60,104,2.5675783157348633,1.1649035215377808,long_term_forecast_Illness_104_60_DLinear_custom_ftM_sl104_ll18_pl60_dm512_nh8_el2_dl1_df2048_expand2_dc4_fc1_ebtimeF_dtTrue_Exp_0
Informer,Illness,60,336,5.551510334014893,1.634717345237732,long_term_forecast_Illness_336_60_Informer_custom_ftM_sl336_ll48_pl60_dm512_nh8_el2_dl1_df2048_expand2_dc4_fc3_ebtimeF_dtTrue_Exp_0
PatchFusionBERT_BERTOnly,Illness,60,336,4.749452114105225,1.5530376434326172,long_term_forecast_Illness_336_60_PatchFusionBERT_BERTOnly_custom_ftM_sl336_ll48_pl60_dm512_nh8_el2_dl1_df2048_expand2_dc4_fc3_ebtimeF_dtTrue_Exp_0
PatchFusionBERT_v0,Illness,60,104,2.0831267833709717,0.9810685515403748,long_term_forecast_PFB_v0_MS2021_Illness_60_PatchFusionBERT_v0_custom_ftM_sl104_ll18_pl60_dm128_nh8_el3_dl1_df512_expand2_dc4_fc3_ebtimeF_dtTrue_illness_horizons_0
PatchFusionBERT_v0,Illness,60,104,2.0831267833709717,0.9810685515403748,long_term_forecast_PFB_v0_MS2021_Illness_60_PatchFusionBERT_v0_custom_ftM_sl104_ll18_pl60_dm128_nh8_el3_dl1_df512_expand2_dc4_fc3_ebtimeF_dtTrue_illness_horizons_0
PatchFusionBERT_v0,Illness,60,104,1.9543546438217163,0.9106767773628235,long_term_forecast_PFB_v0_MS2022_Illness_60_PatchFusionBERT_v0_custom_ftM_sl104_ll18_pl60_dm128_nh8_el3_dl1_df512_expand2_dc4_fc3_ebtimeF_dtTrue_illness_horizons_0
PatchFusionBERT_v0,Illness,60,104,1.9543546438217163,0.9106767773628235,long_term_forecast_PFB_v0_MS2022_Illness_60_PatchFusionBERT_v0_custom_ftM_sl104_ll18_pl60_dm128_nh8_el3_dl1_df512_expand2_dc4_fc3_ebtimeF_dtTrue_illness_horizons_0
PatchFusionBERT_v0,Illness,60,104,2.070000410079956,0.9850523471832275,long_term_forecast_PFB_v0_MS2023_Illness_60_PatchFusionBERT_v0_custom_ftM_sl104_ll18_pl60_dm128_nh8_el3_dl1_df512_expand2_dc4_fc3_ebtimeF_dtTrue_illness_horizons_0
PatchFusionBERT_v0,Illness,60,104,2.070000410079956,0.9850523471832275,long_term_forecast_PFB_v0_MS2023_Illness_60_PatchFusionBERT_v0_custom_ftM_sl104_ll18_pl60_dm128_nh8_el3_dl1_df512_expand2_dc4_fc3_ebtimeF_dtTrue_illness_horizons_0
PatchFusionBERT_v0,Illness,60,104,1.9930323362350464,0.9314469695091248,long_term_forecast_Illness_104_60_PatchFusionBERT_v0_custom_ftM_sl104_ll18_pl60_dm128_nh8_el3_dl1_df512_expand2_dc4_fc3_ebtimeF_dtTrue_Exp_0
PatchFusionBERT_v2,Illness,60,336,2.947985887527466,1.158511757850647,long_term_forecast_Illness_336_60_PatchFusionBERT_v2_custom_ftM_sl336_ll48_pl60_dm512_nh8_el2_dl1_df2048_expand2_dc4_fc3_ebtimeF_dtTrue_Exp_0
PatchFusionBERT_v2,Illness,60,104,2.0633487701416016,0.9544411301612854,long_term_forecast_Illness_104_60_MS2021_PatchFusionBERT_v2_custom_ftM_sl104_ll18_pl60_dm128_nh8_el3_dl1_df512_expand2_dc4_fc3_ebtimeF_dtTrue_Exp_0
PatchFusionBERT_v2,Illness,60,104,2.0614452362060547,0.9463651776313782,long_term_forecast_Illness_104_60_MS2022_PatchFusionBERT_v2_custom_ftM_sl104_ll18_pl60_dm128_nh8_el3_dl1_df512_expand2_dc4_fc3_ebtimeF_dtTrue_Exp_0
PatchFusionBERT_v2,Illness,60,104,2.0908396244049072,0.9558510184288025,long_term_forecast_Illness_104_60_MS2023_PatchFusionBERT_v2_custom_ftM_sl104_ll18_pl60_dm128_nh8_el3_dl1_df512_expand2_dc4_fc3_ebtimeF_dtTrue_Exp_0
PatchTST,Illness,60,104,1.9808322191238403,0.9324859976768494,long_term_forecast_PatchTST_MS2021_Illness_60_PatchTST_custom_ftM_sl104_ll18_pl60_dm128_nh8_el3_dl1_df512_expand2_dc4_fc3_ebtimeF_dtTrue_illness_horizons_0
PatchTST,Illness,60,104,1.9808322191238403,0.9324859976768494,long_term_forecast_PatchTST_MS2021_Illness_60_PatchTST_custom_ftM_sl104_ll18_pl60_dm128_nh8_el3_dl1_df512_expand2_dc4_fc3_ebtimeF_dtTrue_illness_horizons_0
PatchTST,Illness,60,104,2.019444465637207,0.9269824624061584,long_term_forecast_PatchTST_MS2022_Illness_60_PatchTST_custom_ftM_sl104_ll18_pl60_dm128_nh8_el3_dl1_df512_expand2_dc4_fc3_ebtimeF_dtTrue_illness_horizons_0
PatchTST,Illness,60,104,2.019444465637207,0.9269824624061584,long_term_forecast_PatchTST_MS2022_Illness_60_PatchTST_custom_ftM_sl104_ll18_pl60_dm128_nh8_el3_dl1_df512_expand2_dc4_fc3_ebtimeF_dtTrue_illness_horizons_0
PatchTST,Illness,60,104,2.000309944152832,0.9254428148269653,long_term_forecast_PatchTST_MS2023_Illness_60_PatchTST_custom_ftM_sl104_ll18_pl60_dm128_nh8_el3_dl1_df512_expand2_dc4_fc3_ebtimeF_dtTrue_illness_horizons_0
PatchTST,Illness,60,104,2.000309944152832,0.9254428148269653,long_term_forecast_PatchTST_MS2023_Illness_60_PatchTST_custom_ftM_sl104_ll18_pl60_dm128_nh8_el3_dl1_df512_expand2_dc4_fc3_ebtimeF_dtTrue_illness_horizons_0
PatchTST,Illness,60,104,2.108964204788208,0.9998762011528015,long_term_forecast_Illness_104_60_PatchTST_custom_ftM_sl104_ll18_pl60_dm128_nh8_el2_dl1_df512_expand2_dc4_fc3_ebtimeF_dtTrue_Exp_0
TiDE,Illness,60,336,3.8371379375457764,1.3567007780075073,long_term_forecast_Illness_336_60_TiDE_custom_ftM_sl336_ll48_pl60_dm512_nh8_el2_dl1_df2048_expand2_dc4_fc3_ebtimeF_dtTrue_Exp_0
TiDE,Illness,60,336,3.8371379375457764,1.3567007780075073,long_term_forecast_Illness_336_60_TiDE_custom_ftM_sl336_ll48_pl60_dm512_nh8_el2_dl1_df2048_expand2_dc4_fc3_ebtimeF_dtTrue_Exp_0
TimeXer,Illness,60,336,2.8439764976501465,1.120896339416504,long_term_forecast_Illness_336_60_TimeXer_custom_ftM_sl336_ll48_pl60_dm512_nh8_el2_dl1_df2048_expand2_dc4_fc3_ebtimeF_dtTrue_Exp_0
TimeXer,Illness,60,336,2.8439764976501465,1.120896339416504,long_term_forecast_Illness_336_60_TimeXer_custom_ftM_sl336_ll48_pl60_dm512_nh8_el2_dl1_df2048_expand2_dc4_fc3_ebtimeF_dtTrue_Exp_0
iTransformer,Illness,60,336,2.4974355697631836,1.0960607528686523,long_term_forecast_Illness_336_60_iTransformer_custom_ftM_sl336_ll48_pl60_dm512_nh8_el2_dl1_df2048_expand2_dc4_fc3_ebtimeF_dtTrue_Exp_0
iTransformer,Illness,60,336,2.4974355697631836,1.0960607528686523,long_term_forecast_Illness_336_60_iTransformer_custom_ftM_sl336_ll48_pl60_dm512_nh8_el2_dl1_df2048_expand2_dc4_fc3_ebtimeF_dtTrue_Exp_0
DLinear,Weather,96,336,0.17428497970104218,0.23393653333187103,long_term_forecast_DLinear_Weather_H96_seed2021_DLinear_custom_ftM_sl336_ll48_pl96_dm512_nh8_el2_dl1_df2048_expand2_dc4_fc1_ebtimeF_dtTrue_test_0
DLinear,Weather,96,336,0.1744210124015808,0.23563562333583832,long_term_forecast_DLinear_Weather_H96_seed2022_DLinear_custom_ftM_sl336_ll48_pl96_dm512_nh8_el2_dl1_df2048_expand2_dc4_fc1_ebtimeF_dtTrue_test_0
DLinear,Weather,96,336,0.1749139130115509,0.23687785863876343,long_term_forecast_DLinear_Weather_H96_seed2023_DLinear_custom_ftM_sl336_ll48_pl96_dm512_nh8_el2_dl1_df2048_expand2_dc4_fc1_ebtimeF_dtTrue_test_0
Informer,Weather,96,336,0.22859185934066772,0.3078292906284332,long_term_forecast_Weather_336_96_Informer_custom_ftM_sl336_ll48_pl96_dm512_nh8_el2_dl1_df2048_expand2_dc4_fc3_ebtimeF_dtTrue_Exp_0
PatchFusionBERT_BERTOnly,Weather,96,336,0.15249311923980713,0.21321043372154236,long_term_forecast_Weather_336_96_PatchFusionBERT_BERTOnly_custom_ftM_sl336_ll48_pl96_dm512_nh8_el2_dl1_df2048_expand2_dc4_fc3_ebtimeF_dtTrue_Exp_0
PatchFusionBERT_v0,Weather,96,336,0.14963053166866302,0.20069509744644165,long_term_forecast_Weather_336_96_PatchFusionBERT_v0_custom_ftM_sl336_ll48_pl96_dm512_nh8_el2_dl1_df2048_expand2_dc4_fc3_ebtimeF_dtTrue_Exp_0
PatchFusionBERT_v0,Weather,96,336,0.14963053166866302,0.20069509744644165,long_term_forecast_Weather_336_96_PatchFusionBERT_v0_custom_ftM_sl336_ll48_pl96_dm512_nh8_el2_dl1_df2048_expand2_dc4_fc3_ebtimeF_dtTrue_Exp_0
PatchFusionBERT_v2,Weather,96,336,0.15218985080718994,0.20004336535930634,long_term_forecast_Weather_336_96_PatchFusionBERT_v2_custom_ftM_sl336_ll48_pl96_dm512_nh8_el2_dl1_df2048_expand2_dc4_fc3_ebtimeF_dtTrue_Exp_0
PatchFusionBERT_v2,Weather,96,336,0.15218985080718994,0.20004336535930634,long_term_forecast_Weather_336_96_PatchFusionBERT_v2_custom_ftM_sl336_ll48_pl96_dm512_nh8_el2_dl1_df2048_expand2_dc4_fc3_ebtimeF_dtTrue_Exp_0
PatchTST,Weather,96,336,0.15260770916938782,0.20186977088451385,long_term_forecast_PatchTST_Weather_H96_seed2021_PatchTST_custom_ftM_sl336_ll48_pl96_dm128_nh8_el3_dl1_df512_expand2_dc4_fc1_ebtimeF_dtTrue_test_0
PatchTST,Weather,96,336,0.14989890158176422,0.198434978723526,long_term_forecast_PatchTST_Weather_H96_seed2022_PatchTST_custom_ftM_sl336_ll48_pl96_dm128_nh8_el3_dl1_df512_expand2_dc4_fc1_ebtimeF_dtTrue_test_0
PatchTST,Weather,96,336,0.15038460493087769,0.19974654912948608,long_term_forecast_PatchTST_Weather_H96_seed2023_PatchTST_custom_ftM_sl336_ll48_pl96_dm128_nh8_el3_dl1_df512_expand2_dc4_fc1_ebtimeF_dtTrue_test_0
TiDE,Weather,96,336,0.1764494776725769,0.22673383355140686,long_term_forecast_Weather_336_96_TiDE_custom_ftM_sl336_ll48_pl96_dm512_nh8_el2_dl1_df2048_expand2_dc4_fc3_ebtimeF_dtTrue_Exp_0
TiDE,Weather,96,336,0.1764494776725769,0.22673383355140686,long_term_forecast_Weather_336_96_TiDE_custom_ftM_sl336_ll48_pl96_dm512_nh8_el2_dl1_df2048_expand2_dc4_fc3_ebtimeF_dtTrue_Exp_0
TimeXer,Weather,96,336,0.15075835585594177,0.20243953168392181,long_term_forecast_Weather_336_96_TimeXer_custom_ftM_sl336_ll48_pl96_dm512_nh8_el2_dl1_df2048_expand2_dc4_fc3_ebtimeF_dtTrue_Exp_0
TimeXer,Weather,96,336,0.15075835585594177,0.20243953168392181,long_term_forecast_Weather_336_96_TimeXer_custom_ftM_sl336_ll48_pl96_dm512_nh8_el2_dl1_df2048_expand2_dc4_fc3_ebtimeF_dtTrue_Exp_0
iTransformer,Weather,96,336,0.16030412912368774,0.2096083164215088,long_term_forecast_Weather_336_96_iTransformer_custom_ftM_sl336_ll48_pl96_dm512_nh8_el2_dl1_df2048_expand2_dc4_fc3_ebtimeF_dtTrue_Exp_0
iTransformer,Weather,96,336,0.16030412912368774,0.2096083164215088,long_term_forecast_Weather_336_96_iTransformer_custom_ftM_sl336_ll48_pl96_dm512_nh8_el2_dl1_df2048_expand2_dc4_fc3_ebtimeF_dtTrue_Exp_0
Autoformer,Weather,192,96,0.33134135603904724,0.38004639744758606,long_term_forecast_Autoformer_H192_Weather_192_Autoformer_custom_ftM_sl96_ll96_pl192_dm512_nh8_el2_dl1_df2048_expand2_dc4_fc3_ebtimeF_dtTrue_baseline_100_0
DLinear,Weather,192,336,0.21812552213668823,0.2787924110889435,long_term_forecast_DLinear_H192_Weather_192_DLinear_custom_ftM_sl336_ll96_pl192_dm512_nh8_el2_dl1_df2048_expand2_dc4_fc3_ebtimeF_dtTrue_baseline_100_0
DLinear,Weather,192,336,0.21812552213668823,0.2787924110889435,long_term_forecast_DLinear_MS2021_Weather_192_DLinear_custom_ftM_sl336_ll96_pl192_dm512_nh8_el2_dl1_df2048_expand2_dc4_fc3_ebtimeF_dtTrue_multiseed_h192_0
DLinear,Weather,192,336,0.21951532363891602,0.2812313139438629,long_term_forecast_DLinear_MS2022_Weather_192_DLinear_custom_ftM_sl336_ll96_pl192_dm512_nh8_el2_dl1_df2048_expand2_dc4_fc3_ebtimeF_dtTrue_multiseed_h192_0
DLinear,Weather,192,336,0.215084046125412,0.2719649374485016,long_term_forecast_DLinear_MS2023_Weather_192_DLinear_custom_ftM_sl336_ll96_pl192_dm512_nh8_el2_dl1_df2048_expand2_dc4_fc3_ebtimeF_dtTrue_multiseed_h192_0
Informer,Weather,192,96,0.41508984565734863,0.44574084877967834,long_term_forecast_Informer_H192_Weather_192_Informer_custom_ftM_sl96_ll96_pl192_dm512_nh8_el2_dl1_df2048_expand2_dc4_fc3_ebtimeF_dtTrue_baseline_100_0
PatchFusionBERT_BERTOnly,Weather,192,336,0.1975013017654419,0.26578545570373535,long_term_forecast_BERTOnly_H192_Weather_192_PatchFusionBERT_BERTOnly_custom_ftM_sl336_ll96_pl192_dm128_nh8_el3_dl1_df512_expand2_dc4_fc3_ebtimeF_dtTrue_Ablation_100_0
PatchFusionBERT_v0,Weather,192,336,0.19359125196933746,0.2387375384569168,long_term_forecast_PFB_v0_H192_Weather_192_PatchFusionBERT_v0_custom_ftM_sl336_ll96_pl192_dm128_nh8_el3_dl1_df512_expand2_dc4_fc3_ebtimeF_dtTrue_PFB_100_0
PatchFusionBERT_v0,Weather,192,336,0.19359125196933746,0.2387375384569168,long_term_forecast_PFB_v0_MS2021_Weather_192_PatchFusionBERT_v0_custom_ftM_sl336_ll96_pl192_dm128_nh8_el3_dl1_df512_expand2_dc4_fc3_ebtimeF_dtTrue_multiseed_h192_0
PatchFusionBERT_v0,Weather,192,336,0.1957530528306961,0.2436838448047638,long_term_forecast_PFB_v0_MS2022_Weather_192_PatchFusionBERT_v0_custom_ftM_sl336_ll96_pl192_dm128_nh8_el3_dl1_df512_expand2_dc4_fc3_ebtimeF_dtTrue_multiseed_h192_0
PatchFusionBERT_v0,Weather,192,336,0.1937863826751709,0.24014762043952942,long_term_forecast_PFB_v0_MS2023_Weather_192_PatchFusionBERT_v0_custom_ftM_sl336_ll96_pl192_dm128_nh8_el3_dl1_df512_expand2_dc4_fc3_ebtimeF_dtTrue_multiseed_h192_0
PatchFusionBERT_v2,Weather,192,336,0.19377729296684265,0.2393629103899002,long_term_forecast_PFB_v2_H192_Weather_192_PatchFusionBERT_v2_custom_ftM_sl336_ll96_pl192_dm128_nh8_el3_dl1_df512_expand2_dc4_fc3_ebtimeF_dtTrue_PFB_100_0
PatchFusionBERT_v2,Weather,192,336,0.1938382387161255,0.23947621881961823,long_term_forecast_Weather_336_192_MS2021_PatchFusionBERT_v2_custom_ftM_sl336_ll48_pl192_dm128_nh8_el3_dl1_df512_expand2_dc4_fc1_ebtimeF_dtTrue_Exp_0
PatchFusionBERT_v2,Weather,192,336,0.1941380500793457,0.24217769503593445,long_term_forecast_Weather_336_192_MS2022_PatchFusionBERT_v2_custom_ftM_sl336_ll48_pl192_dm128_nh8_el3_dl1_df512_expand2_dc4_fc1_ebtimeF_dtTrue_Exp_0
PatchFusionBERT_v2,Weather,192,336,0.1933591663837433,0.24002809822559357,long_term_forecast_Weather_336_192_MS2023_PatchFusionBERT_v2_custom_ftM_sl336_ll48_pl192_dm128_nh8_el3_dl1_df512_expand2_dc4_fc1_ebtimeF_dtTrue_Exp_0
PatchTST,Weather,192,336,0.19619545340538025,0.24292491376399994,long_term_forecast_PatchTST_H192_Weather_192_PatchTST_custom_ftM_sl336_ll96_pl192_dm128_nh8_el3_dl1_df512_expand2_dc4_fc3_ebtimeF_dtTrue_baseline_100_0
PatchTST,Weather,192,336,0.19619545340538025,0.24292491376399994,long_term_forecast_PatchTST_MS2021_Weather_192_PatchTST_custom_ftM_sl336_ll96_pl192_dm128_nh8_el3_dl1_df512_expand2_dc4_fc3_ebtimeF_dtTrue_multiseed_h192_0
PatchTST,Weather,192,336,0.19723789393901825,0.24320942163467407,long_term_forecast_PatchTST_MS2022_Weather_192_PatchTST_custom_ftM_sl336_ll96_pl192_dm128_nh8_el3_dl1_df512_expand2_dc4_fc3_ebtimeF_dtTrue_multiseed_h192_0
PatchTST,Weather,192,336,0.19636042416095734,0.2431197613477707,long_term_forecast_PatchTST_MS2023_Weather_192_PatchTST_custom_ftM_sl336_ll96_pl192_dm128_nh8_el3_dl1_df512_expand2_dc4_fc3_ebtimeF_dtTrue_multiseed_h192_0
TiDE,Weather,192,336,0.21849246323108673,0.2611735761165619,long_term_forecast_TiDE_H192_Weather_192_TiDE_custom_ftM_sl336_ll96_pl192_dm128_nh8_el2_dl1_df512_expand2_dc4_fc3_ebtimeF_dtTrue_baseline_100_0
TimeXer,Weather,192,336,0.19421760737895966,0.24091146886348724,long_term_forecast_TimeXer_H192_Weather_192_TimeXer_custom_ftM_sl336_ll96_pl192_dm128_nh8_el2_dl1_df512_expand2_dc4_fc3_ebtimeF_dtTrue_baseline_100_0
Transformer,Weather,192,96,0.42565295100212097,0.44341960549354553,long_term_forecast_Transformer_H192_Weather_192_Transformer_custom_ftM_sl96_ll96_pl192_dm512_nh8_el2_dl1_df2048_expand2_dc4_fc3_ebtimeF_dtTrue_baseline_100_0
iTransformer,Weather,192,336,0.2030709832906723,0.24867387115955353,long_term_forecast_iTransformer_H192_Weather_192_iTransformer_custom_ftM_sl336_ll96_pl192_dm128_nh8_el2_dl1_df512_expand2_dc4_fc3_ebtimeF_dtTrue_baseline_100_0
DLinear,Weather,336,336,0.26241376996040344,0.3148132264614105,long_term_forecast_DLinear_H336_Weather_192_DLinear_custom_ftM_sl336_ll168_pl336_dm512_nh8_el2_dl1_df2048_expand2_dc4_fc3_ebtimeF_dtTrue_baseline_100_0
DLinear,Weather,336,336,0.2616085410118103,0.3126504421234131,long_term_forecast_DLinear_Weather_H336_seed2021_DLinear_custom_ftM_sl336_ll48_pl336_dm512_nh8_el2_dl1_df2048_expand2_dc4_fc1_ebtimeF_dtTrue_test_0
DLinear,Weather,336,336,0.26074278354644775,0.3105728328227997,long_term_forecast_DLinear_Weather_H336_seed2022_DLinear_custom_ftM_sl336_ll48_pl336_dm512_nh8_el2_dl1_df2048_expand2_dc4_fc1_ebtimeF_dtTrue_test_0
DLinear,Weather,336,336,0.26331856846809387,0.31391945481300354,long_term_forecast_DLinear_Weather_H336_seed2023_DLinear_custom_ftM_sl336_ll48_pl336_dm512_nh8_el2_dl1_df2048_expand2_dc4_fc1_ebtimeF_dtTrue_test_0
Informer,Weather,336,336,0.6465574502944946,0.5733525156974792,long_term_forecast_Weather_336_336_Informer_custom_ftM_sl336_ll48_pl336_dm512_nh8_el2_dl1_df2048_expand2_dc4_fc3_ebtimeF_dtTrue_Exp_0
PatchFusionBERT_BERTOnly,Weather,336,336,0.2466653287410736,0.2935958206653595,long_term_forecast_BERTOnly_H336_Weather_192_PatchFusionBERT_BERTOnly_custom_ftM_sl336_ll168_pl336_dm128_nh8_el3_dl1_df512_expand2_dc4_fc3_ebtimeF_dtTrue_Ablation_100_0
PatchFusionBERT_v0,Weather,336,336,0.2517067492008209,0.2838646173477173,long_term_forecast_PFB_v0_H336_Weather_192_PatchFusionBERT_v0_custom_ftM_sl336_ll168_pl336_dm128_nh8_el3_dl1_df512_expand2_dc4_fc3_ebtimeF_dtTrue_PFB_100_0
PatchFusionBERT_v2,Weather,336,336,0.24456921219825745,0.2801981270313263,long_term_forecast_PFB_v2_H336_Weather_192_PatchFusionBERT_v2_custom_ftM_sl336_ll168_pl336_dm128_nh8_el3_dl1_df512_expand2_dc4_fc3_ebtimeF_dtTrue_PFB_100_0
PatchTST,Weather,336,336,0.24788911640644073,0.2813984453678131,long_term_forecast_PatchTST_H336_Weather_192_PatchTST_custom_ftM_sl336_ll168_pl336_dm128_nh8_el3_dl1_df512_expand2_dc4_fc3_ebtimeF_dtTrue_baseline_100_0
PatchTST,Weather,336,336,0.2471127063035965,0.2823806405067444,long_term_forecast_PatchTST_Weather_H336_seed2021_PatchTST_custom_ftM_sl336_ll48_pl336_dm128_nh8_el3_dl1_df512_expand2_dc4_fc1_ebtimeF_dtTrue_test_0
PatchTST,Weather,336,336,0.24835386872291565,0.28306514024734497,long_term_forecast_PatchTST_Weather_H336_seed2022_PatchTST_custom_ftM_sl336_ll48_pl336_dm128_nh8_el3_dl1_df512_expand2_dc4_fc1_ebtimeF_dtTrue_test_0
PatchTST,Weather,336,336,0.24681450426578522,0.28264930844306946,long_term_forecast_PatchTST_Weather_H336_seed2023_PatchTST_custom_ftM_sl336_ll48_pl336_dm128_nh8_el3_dl1_df512_expand2_dc4_fc1_ebtimeF_dtTrue_test_0
TiDE,Weather,336,336,0.2659444510936737,0.2956544756889343,long_term_forecast_TiDE_H336_Weather_192_TiDE_custom_ftM_sl336_ll168_pl336_dm128_nh8_el2_dl1_df512_expand2_dc4_fc3_ebtimeF_dtTrue_baseline_100_0
TimeXer,Weather,336,336,0.2453448474407196,0.28109148144721985,long_term_forecast_TimeXer_H336_Weather_192_TimeXer_custom_ftM_sl336_ll168_pl336_dm128_nh8_el2_dl1_df512_expand2_dc4_fc3_ebtimeF_dtTrue_baseline_100_0
iTransformer,Weather,336,336,0.25270867347717285,0.28671300411224365,long_term_forecast_iTransformer_H336_Weather_192_iTransformer_custom_ftM_sl336_ll168_pl336_dm128_nh8_el2_dl1_df512_expand2_dc4_fc3_ebtimeF_dtTrue_baseline_100_0